{"type":"FeatureCollection","features":[{"type":"Feature","id":29918,"geometry":{"type":"LineString","coordinates":[[-149.64951759868944,60.184142518178994],[-149.64966219064729,60.184079497159786]]},"properties":{"OBJECTID":29918,"TRLNAME":"Harding Icefield Trail","TRLSTATUS":"Existing","TRLSURFACE":"Native","TRLTYPE":"Standard Terra Trail","TRLCLASS":"Class 3: Developed","TRLUSE":"Hiker/Pedestrian","PUBLICDISPLAY":"Public Map Display","DATAACCESS":"Unrestricted","UNITCODE":"KEFJ","UNITNAME":"Kenai Fjords National Park","EDITDATE":1533837389000,"MAPMETHOD":"GNSS: Mapping Grade","MAPSOURCE":"Trail centerline collected on 8/30/2016 by Emily Baker using a GeoXH6000 w/ external antenna. Logged at 5 sec. interval. Data source HITMAP_20160830_R083010A.COR.","SOURCEDATE":1472515200000,"GEOMETRYID":"{EC9A713F-A2E6-470A-9815-EA0E8814F252}","FEATUREID":"{658209D4-F1C1-491E-B523-0BBA895FD069}","MAINTAINER":"National Park Service","NOTES":"This is a footbridge.  This segment selected as best available and most current by Kenai Fjords staff. Some densification of linework occured after loading data into standard to replicate tread nuances as close as possible"}},{"type":"Feature","id":29968,"geometry":{"type":"LineString","coordinates":[[-149.69849034330417,60.182751582416607],[-149.69850099030222,60.182748773415106],[-149.69852431429834,60.182743105411703],[-149.69856843629358,60.182736463405085],[-149.6986259792892,60.182730585396214],[-149.69867527128858,60.182730341388364],[-149.69871487228875,60.182731264381907],[-149.6987584812895,60.182733066374844],[-149.69880119629454,60.182741530367409],[-149.69883241930532,60.182758713361338],[-149.69886081431611,60.182775838355703],[-149.69889819332502,60.182790264348796],[-149.6989430233302,60.182798968341046],[-149.69898512532436,60.182790573334813],[-149.69902942731372,60.182774836328761],[-149.69906850130121,60.182756060323648],[-149.69910912928773,60.182735806318419],[-149.69914754227551,60.182717531313401],[-149.69919282526521,60.182702355307136],[-149.69923830225366,60.182685179300911],[-149.6992843122425,60.182668555294633],[-149.69933205023298,60.182654638287815],[-149.6993846972218,60.182638080280441],[-149.69944614921843,60.18263391927087],[-149.69951006921633,60.182631611260732],[-149.69956969321291,60.182627247251503],[-149.69962884321032,60.182624145242173],[-149.6996902082075,60.182620772232568],[-149.69975211320275,60.182614381223054],[-149.69979169420264,60.18261485121667],[-149.69984949019877,60.182609753207743],[-149.69990104419566,60.182605736199761],[-149.69991042219425,60.182603761198344],[-149.69997729819363,60.182603810187615],[-149.70004884219253,60.182603228176198],[-149.7001266821953,60.182608787163367],[-149.70019237819085,60.182602886153184],[-149.70028067918389,60.182593496139646],[-149.70033840117875,60.182586510130861],[-149.70040683417091,60.182575361120549],[-149.70044073216698,60.182569838115498],[-149.7005296541497,60.182544473102844],[-149.70057774413965,60.182529683096057],[-149.70062523712971,60.182515075089412],[-149.70067131912566,60.182509514082362],[-149.70072631611831,60.182498996074209],[-149.70075052811706,60.182497410070411],[-149.70077843611077,60.182488081066523],[-149.70081021910485,60.182479483062011],[-149.70084000110137,60.182474556057514],[-149.70087600009637,60.182467388052231],[-149.70090653509632,60.182467812047321],[-149.70093851909834,60.18247142304191],[-149.7009782520993,60.182473549035443],[-149.70101806009822,60.182472493029088],[-149.70106141509481,60.182467920022482],[-149.70110741908948,60.182460399015525],[-149.70115854508279,60.182450814007964],[-149.70121313407745,60.182443392999652],[-149.70125764306943,60.182431673993278],[-149.70127213705439,60.182408649992446],[-149.70130021904191,60.18238975198912],[-149.70132421803169,60.182374352986244],[-149.70134438801836,60.182354013984302],[-149.70137966600939,60.182340689979483],[-149.70142031399726,60.182322548974135],[-149.70145179698807,60.182308788969948],[-149.70148680097773,60.18229337496529],[-149.70151176797162,60.182284371961906],[-149.70154385696068,60.182267903957801],[-149.70158222395543,60.182260333952101],[-149.701626592949,60.182251123945598],[-149.70167116995452,60.182260367937864],[-149.70169846495747,60.182265387933178],[-149.70173593096217,60.182273217926635],[-149.70177995896833,60.182283451918934],[-149.70181957297277,60.182290907912176],[-149.70184768097613,60.182296551907292],[-149.7018855289769,60.182298380901088],[-149.70193799197978,60.182303645892333],[-149.70196852598335,60.182309654887064],[-149.70203205599054,60.182321756876142],[-149.70208396699454,60.18232876186736],[-149.70211534899104,60.182323850862623],[-149.70213563498879,60.182320675859607],[-149.70214949298443,60.182314127857751],[-149.70215362297714,60.182302935857813],[-149.70215361596937,60.182290903858593],[-149.70215360896128,60.18227837385939],[-149.70215360595782,60.182273024859697],[-149.70216133894607,60.182254983859622],[-149.70216293093708,60.182241068860229],[-149.7021895099156,60.182208233858042],[-149.70221314689911,60.182183123855864],[-149.70221993988451,60.182160607856211],[-149.70223883586979,60.182138153854574],[-149.70225446385683,60.182118322853349],[-149.70227246684496,60.182100254851619],[-149.70230761783762,60.182089403846653],[-149.70235168083221,60.182081776840093],[-149.70240365383248,60.182083037831646],[-149.70245209282953,60.18207915782417],[-149.70249152582105,60.182066705818613],[-149.70254290581445,60.182057278810973],[-149.70258342681026,60.182051443804866],[-149.70260798580941,60.182050457800976],[-149.70262703581628,60.182061424797205],[-149.70263321682177,60.182069994795711],[-149.70264352482462,60.18207460279374],[-149.70265429782518,60.182075648791979],[-149.70266329281978,60.182067401791016],[-149.70267655481237,60.182056154789628],[-149.70268987480563,60.182045938788121],[-149.70270019380033,60.182037894787008],[-149.70270534279732,60.182033298786465],[-149.70271378279841,60.182035105784983],[-149.70271894180172,60.182040336783828],[-149.70272089080453,60.18204472578325],[-149.70273142281505,60.18206119578052],[-149.70273338382765,60.18208066177894],[-149.70274035483789,60.182096622776847],[-149.70274699084996,60.182115416774558],[-149.7027639398581,60.182128332771029],[-149.70278928585904,60.182130130766886],[-149.70281451885768,60.182128458762953],[-149.70284183985419,60.182123464758902],[-149.70286560584785,60.182114041755682],[-149.70287094883801,60.182098886755753],[-149.7028911988283,60.182084142753453],[-149.70291435081987,60.182071451750545],[-149.70294902881889,60.182070506745042],[-149.70296802482071,60.182073588741829],[-149.70298798081856,60.182070624738785],[-149.70301311480722,60.182053439735853],[-149.70305461679439,60.182034313730433],[-149.70308160378198,60.182015510727247],[-149.70312503976521,60.181990165721913],[-149.70317507874765,60.181963776715584],[-149.70322885273214,60.181940682708408],[-149.70328834372111,60.181924555699894],[-149.7033603537183,60.181921319688563],[-149.70342362672008,60.181925022678207],[-149.70348222372004,60.18192590766872],[-149.70354621672453,60.181933855657967],[-149.70358474972284,60.181931855651939],[-149.70362260971626,60.181922306646449],[-149.70364895570239,60.181901242643598],[-149.7036658986876,60.181878562642275],[-149.70369800767628,60.181861567638215],[-149.70372818366104,60.18183845863485],[-149.70372913064318,60.181810861636464],[-149.70372722362472,60.181782236638554],[-149.70375028161504,60.181767618635824],[-149.70379079560553,60.18175353063021],[-149.70382475358866,60.181728008626337],[-149.70385237456944,60.181698650623773],[-149.7038672015502,60.181669103623264],[-149.70388567152821,60.181635346622443],[-149.70389930551053,60.18160825262197],[-149.70392647248903,60.181575333619733],[-149.70394267446753,60.181542297619245],[-149.70393624444685,60.181510185622301],[-149.70393150143286,60.181488516624384],[-149.7039569414157,60.18146238662198],[-149.7039905453999,60.181438450618131],[-149.70400376538481,60.181415237617479],[-149.70400792136786,60.181389093618449],[-149.7039994963485,60.181358987621714],[-149.70399183233175,60.181332955624598],[-149.70402979232267,60.181319496619359],[-149.70407812331234,60.181304211612556],[-149.70413335230091,60.181287465604782],[-149.70417185228601,60.181265011600019],[-149.70421664227322,60.181245940594032],[-149.70426609426121,60.181228099587258],[-149.70431827424801,60.181208479580143],[-149.70437785123178,60.181184297572116],[-149.70443040522247,60.181170706564536],[-149.70448670121777,60.181164336555923],[-149.70454601121841,60.181166264546299],[-149.70459527021615,60.181163504538553],[-149.70463206221436,60.181161348532811],[-149.70468266220854,60.181153146525219],[-149.70473036020238,60.181144322518158],[-149.70478977019383,60.181132065509381],[-149.70485561119258,60.181131182498895],[-149.70491403519875,60.181141633488906],[-149.70496388020959,60.18115913947976],[-149.70498447821933,60.181174577475524],[-149.70500510222857,60.181189220471282],[-149.70504255424657,60.18121765646346],[-149.70508062726179,60.181241826455839],[-149.70508824426327,60.181244202454472],[-149.70510300327081,60.181256135451349],[-149.70511858827737,60.181266481448198],[-149.70513263927967,60.1812703034457],[-149.70515332628651,60.181281197441706],[-149.70518745029685,60.181297751435139],[-149.70520420129785,60.181299552432357],[-149.70521672029759,60.181299342430343],[-149.70523954829548,60.181296447426917],[-149.70526650329194,60.18129143242291],[-149.70527530529216,60.181291869421464],[-149.70530871129327,60.181294112415941],[-149.70533824129413,60.18129590441113],[-149.70535151529671,60.181300086408719],[-149.70538239729606,60.181299640403815],[-149.70540076829366,60.181296131401076],[-149.70540650029105,60.181292211400432],[-149.70541723428633,60.181285097399119],[-149.70542686127953,60.181274737398269],[-149.70543580527146,60.181262402397593],[-149.70546341825107,60.181231302395148],[-149.70546933424421,60.181220712394875],[-149.70548582923834,60.181211905392779],[-149.70551790622477,60.181191400388904],[-149.70556244221459,60.181176343382752],[-149.70560412420303,60.181159085377139],[-149.70563514618516,60.181131970373919],[-149.70566212716631,60.181103173371383],[-149.70566405514509,60.181070377373182],[-149.70566946412174,60.181034307374567],[-149.70569630510374,60.181006876372038],[-149.70572817408856,60.180983898368382],[-149.70574727806903,60.180953969367216],[-149.70575124004847,60.180922186368598],[-149.70576055802533,60.180886560369373],[-149.70574921200139,60.18084932637349],[-149.70577008898124,60.180818438372121],[-149.70578880596062,60.18078679037113],[-149.70580443993927,60.180754008370712],[-149.70582232992086,60.180725763369622],[-149.70582154290167,60.180696058371637],[-149.70583884487795,60.180659602371136],[-149.70586450486047,60.180632975368773],[-149.70589668784143,60.180604048365417],[-149.70592039382618,60.180580771363083],[-149.70593666181131,60.180558035361891],[-149.70595070280032,60.180541217360705],[-149.7059755487897,60.180525215357733],[-149.70601178678271,60.180514988352613],[-149.70604983977881,60.180509576346836],[-149.70609054777518,60.180504587340657],[-149.70613180877118,60.180499002334386],[-149.70617701276731,60.180493698327467],[-149.7062192807623,60.180486587321148],[-149.70625415175479,60.180475488316254],[-149.70628644874506,60.180460978311977],[-149.70631418973562,60.180446808308425],[-149.70634216372525,60.180431210304938],[-149.7063641017119,60.180410909302687],[-149.70638656669934,60.180391760300324],[-149.70641217368379,60.180368126297729],[-149.70643431866739,60.180343139295729],[-149.70644928565028,60.180316831295052],[-149.70645889063292,60.180290139295174],[-149.70646688161639,60.180264691295477],[-149.70647134359834,60.180236792296569],[-149.70647743358072,60.180209616297297],[-149.70648089656791,60.180189834298005],[-149.70647330655706,60.18017295830029],[-149.70645445055254,60.180165633303766],[-149.70644006755728,60.180172780305618],[-149.70639738556193,60.180179257312055],[-149.7063558505597,60.180175136318958],[-149.70631257556374,60.180180724325574],[-149.70627046057137,60.180191878331598],[-149.70622511057744,60.180200566338293],[-149.70617911958055,60.180204685345437],[-149.70614223457275,60.180191995352168],[-149.70612815355963,60.180171466355674],[-149.70613898554535,60.180149524355343],[-149.70614434152941,60.180124908356014],[-149.70615130551388,60.180101005356427],[-149.70615038549661,60.180074319358297],[-149.70616179747935,60.180047741358131],[-149.70618052046771,60.180030013356266],[-149.70620812145748,60.180014655352835],[-149.70622821844779,60.179999948350485],[-149.7062374574451,60.179995895349272]]},"properties":{"OBJECTID":29968,"TRLNAME":"Harding Icefield Trail","TRLSTATUS":"Existing","TRLSURFACE":"Native","TRLTYPE":"Standard Terra Trail","TRLCLASS":"Class 3: Developed","TRLUSE":"Hiker/Pedestrian","PUBLICDISPLAY":"Public Map Display","DATAACCESS":"Unrestricted","UNITCODE":"KEFJ","UNITNAME":"Kenai Fjords National Park","EDITDATE":1521650136000,"MAPMETHOD":"GNSS: Mapping Grade","MAPSOURCE":"Trail centerline collected on 8/30/2016 by Emily Baker using a GeoXH6000 w/ external antenna. Logged at 5 sec. interval. Data source HITMAP_20160830_R083010A.COR.","SOURCEDATE":1472515200000,"GEOMETRYID":"{767B80F1-378E-467A-B940-34D7A78110FA}","FEATUREID":"{658209D4-F1C1-491E-B523-0BBA895FD069}","MAINTAINER":"National Park Service","NOTES":"This segment selected as best available and most current by Kenai Fjords staff. Some densification of linework occured after loading data into standard to replicate tread nuances as close as possible."}},{"type":"Feature","id":30488,"geometry":{"type":"LineString","coordinates":[[-149.63777790771499,60.184005890069521],[-149.63778934371538,60.184006717067653],[-149.6378024197156,60.184007211065527],[-149.63784237071593,60.184008315059081],[-149.63792028672148,60.184018056045957],[-149.63798688273059,60.184033174034369],[-149.63803069973974,60.184048003026334],[-149.63807689875043,60.184065198017848],[-149.638091795755,60.184072503014995],[-149.63812703476336,60.184085995008545],[-149.63816890076637,60.184091286001497],[-149.63822054576406,60.184088401993364],[-149.63830583375926,60.184082318980124],[-149.63838112075149,60.184071396968719],[-149.63844262373038,60.184039671960825],[-149.6385203227164,60.184019175949679],[-149.63859761570407,60.184001241938446],[-149.63868446868383,60.183971247926422],[-149.63877118267689,60.183961830913113],[-149.63881438567842,60.183964759905969],[-149.63884843568167,60.183970337900163],[-149.63889450569161,60.183986399891758],[-149.63893431770376,60.184005812884159],[-149.63897927072099,60.184033127875232],[-149.63898332074609,60.184072013872118],[-149.63897533676925,60.184107796871182],[-149.63897755779865,60.184153299867916],[-149.63900671882698,60.184197532860487],[-149.63906933284454,60.184225669848644],[-149.63909205184657,60.184229157844769],[-149.63910507584779,60.184231236842557],[-149.63911945184677,60.184229894840335],[-149.63913890784551,60.184228180837302],[-149.63915641584461,60.184227072834595],[-149.63917305984413,60.18422658283194],[-149.63919299184326,60.184225534828826],[-149.63921017384249,60.184224571826128],[-149.63922773584136,60.1842230688234],[-149.63924633883988,60.184221070820591],[-149.63926359583908,60.184220131817852],[-149.63927895083825,60.184219079815456],[-149.63929716583667,60.184216871812723],[-149.63931356283584,60.184215858810113],[-149.63933068983562,60.184215741807357],[-149.63934710783522,60.184215362804785],[-149.6393624658362,60.184217135802236],[-149.63938092083572,60.184216650799243],[-149.6393996898361,60.18421752479621],[-149.63941744683967,60.184223368792992],[-149.63942951784566,60.18423274179046],[-149.63944207484926,60.184238545788077],[-149.63945734385194,60.184242923785341],[-149.63947177985574,60.184249006782665],[-149.63948233486124,60.184257674780447],[-149.63949326286564,60.184264680778227],[-149.63950015587056,60.184272388776648],[-149.63951224887606,60.18428108377416],[-149.63951453688139,60.184289366773278],[-149.63952513088748,60.184298939770976],[-149.63953668489256,60.184306962768574],[-149.63954726389946,60.184317832766226],[-149.63955939890243,60.18432255276398],[-149.63956757190118,60.184320763762784],[-149.63957690189869,60.184317091761514],[-149.63958694790321,60.184324231759447],[-149.63960556190986,60.184334739755798],[-149.63961375091569,60.184343855753902],[-149.63962674091988,60.184350589751418],[-149.63963447592334,60.184356048749855],[-149.63963833192508,60.184358770749036],[-149.63965014192547,60.184359590747121],[-149.63966147992613,60.184360752745206],[-149.639676644925,60.184359229742832],[-149.63968686692536,60.184359963741187],[-149.63970746292836,60.184364854737574],[-149.63972620192979,60.184367439734416],[-149.63973822693023,60.184368295732419],[-149.63975165292985,60.184367879730303],[-149.6397746189302,60.184368792726595],[-149.63979164493418,60.184375150723412],[-149.63980906393573,60.184377823720482],[-149.63982589593468,60.184376423717843],[-149.63983956692906,60.18436796371617],[-149.63984062292516,60.184361991716393],[-149.63984165391588,60.184347584717166],[-149.63985206291002,60.184338669716013],[-149.63986723590531,60.184331652714079],[-149.63989052890031,60.184324192710783],[-149.63991465089546,60.184317128707384],[-149.63993118089573,60.184317774704667],[-149.63995555789401,60.184315471700899],[-149.63997401389145,60.184311784698224],[-149.63999124188842,60.184307328695738],[-149.64001104988617,60.184304167692702],[-149.64003620788858,60.184308303688454],[-149.6400551758918,60.184313561685052],[-149.64007807289343,60.184316405681201],[-149.64010094689533,60.184319676677362],[-149.64011173289148,60.184313890675945],[-149.64012430288233,60.184299923674857],[-149.64014211887755,60.184292833672444],[-149.64016418687694,60.184292186668898],[-149.64018568287707,60.184292668665464],[-149.64019753187679,60.184292477663597],[-149.64020695887635,60.184291917662073],[-149.64021345587886,60.184295878660784],[-149.64022638188317,60.184302739658321],[-149.64024085588355,60.184303531655921],[-149.64026017488345,60.18430368965285],[-149.6402783578809,60.184300037650146],[-149.64030067188162,60.184301428646492],[-149.64032212987814,60.184296421643332],[-149.64034643887686,60.184294759639549],[-149.64036340086994,60.184284293637511],[-149.64037618486523,60.18427721763593],[-149.64040863286175,60.184272306631023],[-149.64043615985793,60.18426681762697],[-149.64045446685591,60.184263970624194],[-149.64047147485303,60.184259797621749],[-149.64048468784966,60.184254778619938],[-149.64049148684697,60.184250694619081],[-149.64050282284572,60.184248923617403],[-149.64051392184638,60.184250143615564],[-149.64053575885112,60.184257799611544],[-149.64055398085347,60.184261689608384],[-149.64057823585389,60.184262698604414],[-149.64059392785487,60.184264490601819],[-149.64061096485332,60.184262322599189],[-149.64063052784709,60.184252963596649],[-149.64064926383938,60.184241279594367],[-149.64066284783129,60.184229010592979],[-149.64068206282371,60.184217564590611],[-149.64070285981987,60.184211926587679],[-149.64072974081677,60.184207518583591],[-149.64074681081249,60.184201150581302],[-149.64077099780476,60.18418962457811],[-149.64078638880119,60.184184283576016],[-149.64079642479652,60.18417722057486],[-149.6408054147885,60.184164940574178],[-149.64082407478381,60.184157896571669],[-149.6408382177801,60.184152385569703],[-149.64084891977714,60.18414804256826],[-149.64086587077657,60.184147408565579],[-149.64088306777259,60.184141457563193],[-149.6409060857703,60.184138262559735],[-149.64092346177156,60.184140477556817],[-149.64094724077228,60.184141947552867],[-149.64096968977597,60.184148016548896],[-149.64099212278083,60.184155856544827],[-149.64101317978253,60.184158817541253],[-149.64103365477942,60.184154297538278],[-149.64105355777431,60.184146703535546],[-149.64107006876947,60.184139472533367],[-149.64108767876698,60.18413586953077],[-149.6411106887652,60.184133466527186],[-149.64113363376686,60.184136332523394],[-149.64114777277103,60.184143016520672],[-149.64115832277591,60.184150737518529],[-149.64117481378199,60.184160413515258],[-149.64119257978643,60.18416749951195],[-149.64120606578908,60.184171814509511],[-149.64122383879302,60.184178202506239],[-149.64124040679749,60.184185364503172],[-149.64124827679979,60.184189023501702],[-149.64126714780517,60.184197608498124],[-149.64128146780888,60.184203594495401],[-149.64129979781151,60.18420791349223],[-149.64131981181339,60.184211132488812],[-149.64134816581705,60.18421717948388],[-149.64140090481541,60.184215479475547],[-149.64148079781356,60.184213812462808],[-149.64156201081047,60.184210263450041],[-149.64164338580778,60.184207310437188],[-149.64172470180583,60.184205502424227],[-149.64180682580141,60.184199912411401],[-149.64189528179611,60.184193037397669],[-149.64198778879216,60.184188295383152],[-149.64207736278576,60.184179713369325],[-149.64217299077916,60.184170963354603],[-149.64226131577351,60.184163574340879],[-149.64235797076861,60.184157407325799],[-149.64244189977589,60.184169914311504],[-149.64249419377856,60.184174846302838],[-149.64254296178464,60.184184990294362],[-149.64259006680055,60.18421025028524],[-149.64260050282275,60.18424480828137],[-149.6425924448472,60.184282496280296],[-149.64255484286468,60.184308981284637],[-149.64256189487838,60.184330301282195],[-149.64258937389849,60.184361807275756],[-149.64261752791109,60.184381792269988],[-149.64263225292666,60.184406104266074],[-149.64258399694663,60.184436230271935],[-149.64258465196883,60.184470597269687],[-149.64256912799411,60.184509457269655],[-149.64256283301557,60.184542596268628],[-149.64255324903721,60.184575921268063],[-149.64256390405018,60.184596177265036],[-149.6425733610715,60.184629302261449],[-149.64257548308814,60.184655072259474],[-149.64259235109353,60.184663682256215],[-149.64260837009479,60.184665862253532],[-149.64262948009286,60.184663162250295],[-149.64264168808873,60.184656986248733],[-149.64265560108103,60.184645260247272],[-149.6426705370788,60.184642039245084],[-149.64268978607589,60.184637823242241],[-149.64272399207178,60.184631961237159],[-149.64274873805672,60.184609059234624],[-149.6427554300447,60.184590578234726],[-149.64281850902844,60.184566368226093],[-149.64283606702952,60.184568289223186],[-149.64286583802485,60.184561506218841],[-149.64287864602096,60.184555657217174],[-149.64288833500515,60.184531352217142],[-149.64293986498993,60.184508570210298],[-149.64299142298495,60.184501586202479],[-149.64304679297936,60.184493869194085],[-149.64309670998009,60.184495690185976],[-149.64312125997836,60.184493438182173],[-149.64314741496642,60.184475310179174],[-149.64320400094803,60.184447746171855],[-149.64323695193451,60.184427275167835],[-149.64326494092006,60.184405350164731],[-149.64330560790262,60.184378999159883],[-149.643347482888,60.184356919154574],[-149.643385649858,60.184311123151339],[-149.64342391884639,60.184293717146268],[-149.64344219283282,60.184273034144638],[-149.64347163882374,60.18425938714077],[-149.64350151581709,60.184249617136651],[-149.64350546582216,60.184257455135501],[-149.64349737583686,60.184280117135351],[-149.64347836284725,60.184295818137407],[-149.64348161586051,60.184316426135588],[-149.64347461087749,60.184342627135095],[-149.64349300889484,60.184369738130442],[-149.64354398189835,60.184375905121847],[-149.64359232890226,60.184382720113682],[-149.64362108690102,60.184381216109152],[-149.64365423890024,60.1843805161039],[-149.64368299589933,60.184379561099334],[-149.64372357989674,60.184376111093044],[-149.6437652718873,60.184362201087225],[-149.64379312287753,60.184347497083706],[-149.6438485568535,60.184311111077101],[-149.64390726383388,60.184281636069592],[-149.64391134583093,60.184277132069212],[-149.64393386880855,60.184242830067753],[-149.64393898580639,60.184239586067115],[-149.64395782680069,60.184231021064647],[-149.64398602578552,60.18420799506157],[-149.64399046678278,60.184203820061114],[-149.64400233977997,60.184199622059474],[-149.64404315675489,60.184161460055392],[-149.64404169775364,60.184159482055733],[-149.64404673774601,60.184147748055679],[-149.64407320673746,60.184134962052241],[-149.64412055572072,60.184109748046218],[-149.64416772670532,60.184086605040115],[-149.64420733468589,60.18405716903564],[-149.6442391516679,60.184029790032248],[-149.64428706664756,60.18399906402653],[-149.64431706962995,60.183972232023415],[-149.64435011861181,60.183944701019854],[-149.64437725859923,60.183925602016721],[-149.64440645157947,60.183895518013941],[-149.64443330355783,60.183862443011691],[-149.64447373054131,60.18383739600678],[-149.64449796853364,60.183825867003627],[-149.64452524751437,60.183796477001152],[-149.64456740649445,60.183766292996289],[-149.64461585048852,60.183757880989049],[-149.64466003647615,60.183739400983136],[-149.64469083846598,60.183724183979159],[-149.64471494846049,60.183716004975778],[-149.64474006545825,60.183712901971994],[-149.64475039745884,60.183713975970264],[-149.64475270946238,60.183719484969544],[-149.64474932146646,60.183725796969668],[-149.64473249847296,60.18373549397176],[-149.6447079984936,60.183767129973702],[-149.64467576050842,60.183789587977444],[-149.6446590495209,60.183808655978886],[-149.644649584538,60.183834968978786],[-149.64466303055121,60.183855625975305],[-149.64466579355567,60.1838625519744],[-149.64468610257245,60.183888834969494],[-149.64468340457782,60.183897079969412],[-149.64468217258184,60.183903245969212],[-149.64468399958557,60.183909024968557],[-149.6446837296001,60.183931537967204],[-149.6447005046177,60.183959039962744],[-149.64471964464408,60.1840001459571],[-149.6447047196649,60.184032160957464],[-149.64471085868269,60.184059766954746],[-149.64468016869978,60.184085740958004],[-149.64467758771593,60.184110711956848],[-149.64467273272507,60.184124762956728],[-149.64465453074979,60.184162722957296],[-149.64465163677229,60.184197497955545],[-149.64466100379232,60.184228675952085],[-149.64464738680957,60.184255159952592],[-149.64463023382689,60.184281670953645],[-149.64460958184745,60.184313182954995],[-149.64460529086926,60.18434688195353],[-149.64460448688465,60.184370637952185],[-149.64460511690001,60.184394418950568],[-149.64459839191576,60.184418700950125],[-149.64458690893409,60.184446914950186],[-149.64457412495469,60.184478588950249],[-149.64456345996916,60.184500830950547],[-149.64454575898773,60.184529239951559],[-149.64454081800156,60.184550598951034],[-149.64454224601815,60.18457625594916],[-149.64453235803646,60.184604492948964],[-149.64452274805581,60.184634225948628],[-149.64450552307235,60.184659592949764],[-149.64448429808976,60.18468624795149],[-149.64445942310124,60.184703575954401],[-149.64443986211202,60.184719966956528],[-149.64442454012226,60.184735612958001],[-149.64441038813274,60.184751580959229],[-149.64437835014101,60.184763894963588],[-149.64433516115352,60.18478263796932],[-149.64431320816823,60.18480504197143],[-149.64428920217856,60.184820652974324],[-149.64427808419143,60.184840390974848],[-149.64426573720456,60.184860571975513],[-149.64425018422438,60.184891012976124],[-149.64424319123492,60.184907212976221],[-149.64423496825427,60.184937036975626],[-149.64422175126842,60.184958711976407],[-149.64416696627086,60.184961670984976],[-149.64414812627643,60.18497001398751],[-149.64413200928763,60.184987083988979],[-149.64411329130513,60.185013883990301],[-149.64407960832193,60.185039409994083],[-149.64405346733639,60.185061379996917],[-149.644042288343,60.18507139699804],[-149.64401979735541,60.185090258000457],[-149.64399310037294,60.185117015003044],[-149.6439658133886,60.185140804005933],[-149.64394385140221,60.185161590008128],[-149.64392131441431,60.185179887010577],[-149.64391181342413,60.185194989011173],[-149.64391221644081,60.185220833009474],[-149.64391617445344,60.185240401007619],[-149.64391505846433,60.185257181006712],[-149.64390360347491,60.185273408007504],[-149.64390771048645,60.185291276005778],[-149.64390745250043,60.185312932004436],[-149.64390063651692,60.185338332003916],[-149.64389947053633,60.185368385002185],[-149.64388142155858,60.185402541002944],[-149.64388671556978,60.185419932000961],[-149.64386482158523,60.185443531003024],[-149.64389955960968,60.185481852994997],[-149.64394075361565,60.185491678987781],[-149.64398919963369,60.185520368978224],[-149.64401745465145,60.185548272971907],[-149.64399520167291,60.185581130973397],[-149.64395045968831,60.185604318979109],[-149.64394078671057,60.185638566978511],[-149.64392055273055,60.185669172979814],[-149.64390591675146,60.185701328980159],[-149.64389773176708,60.185725305979922],[-149.64388014478456,60.18575213498108],[-149.6438465318021,60.185778772984804],[-149.64382310182364,60.185811752986432],[-149.64380771884424,60.185843383986914],[-149.64378175786794,60.185879685988802],[-149.64377556787264,60.185886814989317],[-149.64375161488715,60.185908916991771],[-149.64372253191632,60.185953608993614],[-149.64370361393304,60.185979182995048],[-149.64369181093807,60.185986778996444],[-149.64369821894152,60.18599226599509],[-149.64372491094218,60.185993627990705],[-149.64374734393846,60.18598823198743],[-149.64378352993009,60.18597584698243],[-149.64380713392706,60.185971491978925],[-149.64384813191785,60.185957881973223],[-149.6439224739091,60.18594542596211],[-149.643986369901,60.185933867952556],[-149.6440394898884,60.185915163945204],[-149.64408391587585,60.185896408939286],[-149.64413053685948,60.185871794933377],[-149.64416679284088,60.185843569929368],[-149.6441721868222,60.18581475793026],[-149.64417903680126,60.185782511931215],[-149.64419243978216,60.185753129930944],[-149.64421368177034,60.185735125928659],[-149.64424629676063,60.185720591924337],[-149.64427945775449,60.185711618919612],[-149.64431300275069,60.185706223914565],[-149.64435248275097,60.185707325908162],[-149.64439343375446,60.185713220901242],[-149.64444351475538,60.185715476893094],[-149.6444866987546,60.185714897886193],[-149.64452157274533,60.185701118881482],[-149.64453982073007,60.185677774880041],[-149.64454501770982,60.185646474881146],[-149.6445480846908,60.18561705988251],[-149.64455233567173,60.185587649883665],[-149.64457545365474,60.185561734881624],[-149.64461165064245,60.185543282876999],[-149.64466022163066,60.185525715870313],[-149.64470871061667,60.18550479786385],[-149.64476855360476,60.185487277855408],[-149.64482916159628,60.185475116846433],[-149.64488889458406,60.185457101838011],[-149.64494394657362,60.185441726830135],[-149.6449841195635,60.185426691824652],[-149.64502838155752,60.185418088818068],[-149.64507935355297,60.185411882810335],[-149.64512897254204,60.185395665803391],[-149.64517736153331,60.185382878796439],[-149.6452215615291,60.185377045789728],[-149.64528342352534,60.185372137780078],[-149.64533540351869,60.185362657772387],[-149.64539356950814,60.185347226764023],[-149.64544100649732,60.185331174757451],[-149.64548465748589,60.185314155751485],[-149.64553104647359,60.185295803745227],[-149.64558792545978,60.185275296737423],[-149.64564414444996,60.185260959729277],[-149.64570197543921,60.185245187721016],[-149.64576091143005,60.185231880712379],[-149.64581641741702,60.185212597704741],[-149.64586466840316,60.185191862698282],[-149.64589481638987,60.185171752694735],[-149.64593536837879,60.185155193689276],[-149.64597404636959,60.18514158968393],[-149.64601685835885,60.185125646678081],[-149.64607169735166,60.185115290669984],[-149.64613077834588,60.18510716866097],[-149.64618775633895,60.185097366652485],[-149.64625226633461,60.185091658642506],[-149.64630051733164,60.185087701635027],[-149.64635124932431,60.185077186627517],[-149.64638990431058,60.185056507622633],[-149.64643551529718,60.185036436616585],[-149.64649428529074,60.185027426607775],[-149.64655441728044,60.185012332599079],[-149.64660680526663,60.18499172859201],[-149.6466523092551,60.184974635585718],[-149.64669754224616,60.184961476579318],[-149.64672378824159,60.184954816575534],[-149.64675472422704,60.184932742571959],[-149.64678498021442,60.18491363056836],[-149.64680307320265,60.184895758566576],[-149.64682441418918,60.184875220564457],[-149.64684679517578,60.184854807562139],[-149.64688353216684,60.184841542557088],[-149.64692181216427,60.184838135551146],[-149.64696649515574,60.184825621544789],[-149.64701402814853,60.184815182537839],[-149.64705146113704,60.184797965532937],[-149.64706540412323,60.184776845532042],[-149.64708441910955,60.184755884530304],[-149.64711148609945,60.184740678526914],[-149.6471550700854,60.184719602521255],[-149.64715604008546,60.184719691521124],[-149.64716554208337,60.184716603519782],[-149.64718284807913,60.184710333517422],[-149.6472035610748,60.184703938514502],[-149.64722070207077,60.184697950512117],[-149.64723840106615,60.184691067509696],[-149.64725639706231,60.184685395507188],[-149.64727253605915,60.18468073050488],[-149.64728493205425,60.184673382503355],[-149.64729809104978,60.184666578501663],[-149.64731058004577,60.18466062450004],[-149.64732602004116,60.184653741498025],[-149.64734182003764,60.18464847349582],[-149.64735929203505,60.18464477549324],[-149.64737399303235,60.184640836491148],[-149.64738524902771,60.184633812489771],[-149.64740011102325,60.184627135487823],[-149.64741253601827,60.184619638486282],[-149.64741808301369,60.184612605485874],[-149.6474258080068,60.184602074485305],[-149.64743797200171,60.18459434948381],[-149.64745134799765,60.184588292482033],[-149.64746423499395,60.184582754480338],[-149.64747355198836,60.184574232479406],[-149.64747989098282,60.184565835478857],[-149.64748368097702,60.184556826478847],[-149.64749178997016,60.184546380478224],[-149.6474979419647,60.184538024477739],[-149.64749356595789,60.184527384479132],[-149.64749589395115,60.184517004479439],[-149.6475047399434,60.184505204478725],[-149.64752392994075,60.18450130347594],[-149.64754173693916,60.184499129473181],[-149.64756408693651,60.184495360469853],[-149.64758810193615,60.184495176466022],[-149.64761118893577,60.184494964462324],[-149.64763374493356,60.184491896458937],[-149.64765865692974,60.184486341455269],[-149.6476735049248,60.184478900453371],[-149.64768049691665,60.184466369453013],[-149.64769055990871,60.184454304452181],[-149.64770363290381,60.18444692745053],[-149.64771963490054,60.184442106448259],[-149.64773831089548,60.184434504445768],[-149.64775038288971,60.184425817444399],[-149.64775651988614,60.184420351443741],[-149.64776451187853,60.184408712443229],[-149.64777751186929,60.184394599441994],[-149.64779013086596,60.184389644440287],[-149.64780841186484,60.184388181437456],[-149.6478322978634,60.184386310433752],[-149.64786194386224,60.184384980429058],[-149.64788370485778,60.184378429426033],[-149.64790543685254,60.184370589422997],[-149.64793057184821,60.184364260419414],[-149.6479624348421,60.184355323414856],[-149.64798006183452,60.184343825412746],[-149.64799715782746,60.184333165410706],[-149.64801924682095,60.184323407407746],[-149.64802512782032,60.184322536406853],[-149.64803929381625,60.184316484404967],[-149.64805867581387,60.184313073402102],[-149.64807873981366,60.184313069398875],[-149.64809789081482,60.184315132395689],[-149.64811873881061,60.184308908392737],[-149.64813585980755,60.184304466390245],[-149.64816223580462,60.184300363386285],[-149.64817750380266,60.184297519384025],[-149.64819549380209,60.184296948381203],[-149.64822111180382,60.184299994376843],[-149.64824443680445,60.184301279373031],[-149.64826695780377,60.184300612369469],[-149.64828475680164,60.184297542366814],[-149.64830717079917,60.184294070363428],[-149.64833684279984,60.184295523358564],[-149.64836297279876,60.184294279354482],[-149.6483762747911,60.184282656353098],[-149.64838461178235,60.184269195352599],[-149.64840291077496,60.184258041350368],[-149.64842148477013,60.184250851347819],[-149.64844491076869,60.184248963344203],[-149.64846904177153,60.184253754340077],[-149.64849498377046,60.18425245033599],[-149.64851925376863,60.184249990332212],[-149.64853901376631,60.184246707329301],[-149.64855896276509,60.184245160326178],[-149.64857961876316,60.184242454323027],[-149.64860568276518,60.184245970318607],[-149.64862908577194,60.184256815314193],[-149.64865104877126,60.184256066310716],[-149.64866799276643,60.184248863308476],[-149.6486864617639,60.184245169305711],[-149.64870712276348,60.184244873302411],[-149.6487371657625,60.184243831297664],[-149.64875025776294,60.184244660295541],[-149.64876145376104,60.184241910293906],[-149.64877496276009,60.184240678291843],[-149.64879417175894,60.184239149288842],[-149.64881524575947,60.18424032428539],[-149.64883253176023,60.184241752282553],[-149.64884514176313,60.184246447280202],[-149.64885970476578,60.184250712277617],[-149.64887744076668,60.184252397274655],[-149.64889531576529,60.184250531271921],[-149.64890353076331,60.18424754527075],[-149.64892301676142,60.184244940267845],[-149.64893966576116,60.184244815265188],[-149.64895742576067,60.184244308262336],[-149.64897835075956,60.18424288025912],[-149.64899894675713,60.184239484256018],[-149.64901455075292,60.184233212253901],[-149.64902966874681,60.184223974252042],[-149.64904160774265,60.184217667250557],[-149.6490525587368,60.184208759249323],[-149.6490599637325,60.184202227248555],[-149.64907248272561,60.184191770247232],[-149.64908651971982,60.184183035245532],[-149.64910269971526,60.184176174243333],[-149.64911865771231,60.184171888241089],[-149.64913709370848,60.184166252238462],[-149.64915720570534,60.184161639235541],[-149.64917817470359,60.18415934523231],[-149.64920104770289,60.184158579228729],[-149.64922169270218,60.184157818225451],[-149.6492432437021,60.184157997222002],[-149.64925965870151,60.184157320219413],[-149.64928090870109,60.184156970215987],[-149.64930010370026,60.184156006212966],[-149.64932141469907,60.184154483209682],[-149.64934154169882,60.184154336206419],[-149.64936334370088,60.18415794820271],[-149.64939037270298,60.18416159019818],[-149.64941273770353,60.184162723194525],[-149.64943741470321,60.184162598190547],[-149.6494679507035,60.184163535185618],[-149.64949594969434,60.184149782181969],[-149.64951759868944,60.184142518178994]]},"properties":{"OBJECTID":30488,"TRLNAME":"Harding Icefield Trail","TRLSTATUS":"Existing","TRLSURFACE":"Native","TRLTYPE":"Standard Terra Trail","TRLCLASS":"Class 3: Developed","TRLUSE":"Hiker/Pedestrian","PUBLICDISPLAY":"Public Map Display","DATAACCESS":"Unrestricted","UNITCODE":"KEFJ","UNITNAME":"Kenai Fjords National Park","EDITDATE":1521650136000,"MAPMETHOD":"GNSS: Mapping Grade","MAPSOURCE":"Trail centerline collected on 8/30/2016 by Emily Baker using a GeoXH6000 w/ external antenna. Logged at 5 sec. interval. Data source HITMAP_20160830_R083010A.COR.","SOURCEDATE":1472515200000,"GEOMETRYID":"{01262B0C-F11D-46B0-A183-84AC02F0EBA4}","FEATUREID":"{658209D4-F1C1-491E-B523-0BBA895FD069}","MAINTAINER":"National Park Service","NOTES":"This segment selected as best available and most current by Kenai Fjords staff. Some densification of linework occured after loading data into standard to replicate tread nuances as close as possible."}},{"type":"Feature","id":30504,"geometry":{"type":"LineString","coordinates":[[-149.66292400101383,60.181752735180879],[-149.6629370740213,60.181764484178025],[-149.66295746302652,60.18177285517428],[-149.66300083804688,60.181805059165256],[-149.66302042205561,60.181818837161224],[-149.66306756307179,60.181844611152037],[-149.663113146098,60.18188584414218],[-149.66313625011855,60.181918031136433],[-149.66313250314326,60.181956217134591],[-149.66314641516283,60.181986720130453],[-149.66316800318725,60.182024832124561],[-149.66319659720222,60.182048414118512],[-149.6632449142104,60.182061806109886],[-149.66330051620866,60.182059953101145],[-149.6633501022076,60.182059105093231],[-149.66338386422137,60.182080902086426],[-149.66339527222891,60.182092714083886],[-149.663392168245,60.182117613082788],[-149.66338427425939,60.182139783082619],[-149.66339615727998,60.182171780078697],[-149.66339853330061,60.182203736076332],[-149.66336362432156,60.182235640079888],[-149.66335012533708,60.182259484080546],[-149.66330567535707,60.182289730085756],[-149.66326215538564,60.182333293089997],[-149.66322394841086,60.182371742093679],[-149.66320038843295,60.182405553095293],[-149.66316341745923,60.18244567909872],[-149.66312686548446,60.182484155102152],[-149.66312211050013,60.182508350101365],[-149.66312329450903,60.182522120100309],[-149.66314263951617,60.182533467096498],[-149.6631730025193,60.18253877409127],[-149.66320908251811,60.182537515085578],[-149.66324051251655,60.182535579080657],[-149.66327217852051,60.182542133075167],[-149.66328282053527,60.182565141072025],[-149.66327255255416,60.182594233071811],[-149.66323183457678,60.182628644076161],[-149.66317273060116,60.182665481083347],[-149.66311177062809,60.182706180090499],[-149.66306223065658,60.182749568095744],[-149.66299542068398,60.182790926103834],[-149.66294297371437,60.18283710010931],[-149.66291495474186,60.182879290111174],[-149.66289347576716,60.182918066112173],[-149.66285141179426,60.182959359116282],[-149.66281307582096,60.183000118119836],[-149.66278805584952,60.183043940121095],[-149.66276051987472,60.183082502123071],[-149.6627248019031,60.183125895126047],[-149.66270796493569,60.183176069125587],[-149.66269256196586,60.183222492125076],[-149.66266529399698,60.183270228126439],[-149.6626544670265,60.183315773125322],[-149.66268859805353,60.183358117117201],[-149.66271310608235,60.183403081110406],[-149.66273521711076,60.183447389104032],[-149.66273914913583,60.183486257100952],[-149.66274537216069,60.183524781097589],[-149.66276821118691,60.183565744091311],[-149.66279733421325,60.183606963084024],[-149.66280490322185,60.183620323081989],[-149.66282465524222,60.183652176076812],[-149.66283406026545,60.183688267072981],[-149.66283571626721,60.183691032072574],[-149.66283145227155,60.183697687072822],[-149.66282616127782,60.183707283073055],[-149.66281619628504,60.183718298073941],[-149.66280856229363,60.183731486074365],[-149.66280676230002,60.183741345074004],[-149.66281074830601,60.183750691072781],[-149.66281847830737,60.183752900071411],[-149.66283220630413,60.183748075069495],[-149.66284249929893,60.183740183068366],[-149.66284852229089,60.183727816068171],[-149.66288769127797,60.183708440063114],[-149.66288790827784,60.183708266063107],[-149.66288934727507,60.18370396306311],[-149.66289198826991,60.183696058063234],[-149.6629019932648,60.183688267062088],[-149.66292059925186,60.183668550060361],[-149.66295374224222,60.183654137055996],[-149.66297495623186,60.183638451053532],[-149.66300144621505,60.183612827050936],[-149.66304342820277,60.183594451045344],[-149.66308032919017,60.183575505040622],[-149.66311243318006,60.183560358036416],[-149.66314575216546,60.183538272032528],[-149.66316334114771,60.183511118031426],[-149.66316880412958,60.183483123032282],[-149.66316464011211,60.183455983034676],[-149.66316235309353,60.183427188036873],[-149.66316216407992,60.183406210038214],[-149.66316549906767,60.183387324038861],[-149.66316124005664,60.183370122040643],[-149.66316590104503,60.183352225041006],[-149.66316768403576,60.18333790404165],[-149.66315811002747,60.183324948044024],[-149.66316597101763,60.183309876043715],[-149.66315139900684,60.18329289704711],[-149.66314765800229,60.183285786048167],[-149.66315423499861,60.183280239047448],[-149.66316757999212,60.18327036804591],[-149.66319115698556,60.183260586042799],[-149.66321051097893,60.183250628040312],[-149.66322204997161,60.183239463039165],[-149.66322842496334,60.183226781038918],[-149.66322969995684,60.183216732039384],[-149.66324182995092,60.183207767038006],[-149.66325694894766,60.183202913035878],[-149.66327294494803,60.183203742033257],[-149.66330285695443,60.183214083027799],[-149.66332094396486,60.183230520023862],[-149.6633302089763,60.183248374021289],[-149.66334540398839,60.183267321017645],[-149.66335701100039,60.183286024014564],[-149.66337050301073,60.183302244011401],[-149.66337690201132,60.1833033270103],[-149.66338619701085,60.183302643008844],[-149.66339156600762,60.183297804008298],[-149.66339322700136,60.183288135008638],[-149.66339937098707,60.18326614000906],[-149.6634056029738,60.183245642009325],[-149.66342747396459,60.183231761006738],[-149.66343973395607,60.183218747005604],[-149.6634580669481,60.183206646003363],[-149.66347477493849,60.183192098001662],[-149.66349503593153,60.183181621999061],[-149.66348731492388,60.183169679001054],[-149.6634911369114,60.183150398001658],[-149.66348969289993,60.183132666003026],[-149.66348602888797,60.183114071004745],[-149.66349351187418,60.183092830004952],[-149.66351215585755,60.183067402003537],[-149.66352737684159,60.183042932002621],[-149.66355748583226,60.183029005998655],[-149.66358912882441,60.183017303994326],[-149.66362243081622,60.183005104989803],[-149.66366667881201,60.182999247983048],[-149.66369257380853,60.182994285979234],[-149.66373819580181,60.18298461497254],[-149.66377927379924,60.182981231966139],[-149.66381624079295,60.182972041960824],[-149.66385368378468,60.182959827955564],[-149.6638934177777,60.182949636949843],[-149.66393565977137,60.182940515943642],[-149.66397115776161,60.182925884938882],[-149.66400531175299,60.18291312493421],[-149.66404635974615,60.1829031399283],[-149.66408557373674,60.182889187922868],[-149.66412990472577,60.182872890916791],[-149.66417045671571,60.182857960911221],[-149.66420670370482,60.18284160290645],[-149.66424651669584,60.182828325900928],[-149.66428001868576,60.182813257896498],[-149.66431003368271,60.182808980891977],[-149.6643195986851,60.182812802890183],[-149.66432161169016,60.182820734889361],[-149.66429851669938,60.18283458889217],[-149.66427751270919,60.182849497894601],[-149.66427250671734,60.182861981894654],[-149.66425923772317,60.182870830896206],[-149.66424837773067,60.182882276897203],[-149.66422548874311,60.182901157899686],[-149.66419629075745,60.182922917902978],[-149.66419529376736,60.182938219902177],[-149.66418483577485,60.182949664903099],[-149.66416713678416,60.182963765905079],[-149.66415375479249,60.182976546906438],[-149.66414683880524,60.182996099906269],[-149.66413942781722,60.183014567906298],[-149.66412868082892,60.183032501906908],[-149.66412390183746,60.183045616906853],[-149.66411025784541,60.18305771090828],[-149.66410053485947,60.183079323908473],[-149.66410458787092,60.183097094906685],[-149.66410428687888,60.183109428905965],[-149.66410761988871,60.183124729904435],[-149.6641054109021,60.183145391903473],[-149.66408834991887,60.18317105790458],[-149.66405359993524,60.183195884908585],[-149.6640318239501,60.183218544910666],[-149.66402112396014,60.183233887911449],[-149.66401125897048,60.183249749912029],[-149.66398195198292,60.18326859091551],[-149.66398112498507,60.183271891915432],[-149.66398642698866,60.183277527914242],[-149.663993012997,60.183290533912327],[-149.66398867500695,60.183305823912093],[-149.66398886501992,60.183325926910769],[-149.66399423803085,60.18334290890882],[-149.66400501403669,60.183352154906494],[-149.66401188404359,60.183362894904775],[-149.66403220404644,60.183367598901221],[-149.66404562804394,60.183363949899281],[-149.66405071403932,60.183356892898921],[-149.66405190602737,60.183338458899847],[-149.66406076601311,60.183316481899872],[-149.66408698400394,60.183302680896517],[-149.66410270099249,60.18328519989511],[-149.66412716998113,60.183268039892241],[-149.6641667449712,60.18325323688682],[-149.66420616096318,60.183241437881279],[-149.66424207895355,60.183227041876435],[-149.66427255794363,60.183212186872481],[-149.66430597693275,60.183195856868153],[-149.66434964992504,60.18318458986186],[-149.66438236191522,60.183169923857534],[-149.66441875390595,60.183156111852597],[-149.66445398389885,60.183145644847578],[-149.66449730788926,60.183131497841522],[-149.66452335587761,60.183113864838518],[-149.66454953986187,60.183089919835815],[-149.66456040885006,60.183071799835204],[-149.66456797883379,60.183046739835596],[-149.66455837181542,60.183018156838934],[-149.66457106579853,60.182992231838554],[-149.66460728878448,60.182971038834076],[-149.66462146878055,60.182965122832158],[-149.66463912178023,60.182964922829342],[-149.6646441217824,60.182968325828313],[-149.66464797478591,60.182973832827372],[-149.66464726979095,60.182981618826979],[-149.66464147879975,60.182995167827066],[-149.66463866880784,60.183007660826711],[-149.66464783181715,60.183022159824347],[-149.66467379982814,60.183039568819105],[-149.66468197583941,60.183057146816665],[-149.66467889985458,60.183080577815659],[-149.66467294486779,60.183100911815323],[-149.66465551888356,60.183125075816626],[-149.66462915689979,60.18314982581925],[-149.66460342691278,60.183169513822143],[-149.66457977492701,60.18319113382455],[-149.66455123894085,60.183212131827823],[-149.66452955895249,60.183229856830188],[-149.66451753095808,60.183238281831557],[-149.6645155179616,60.183243716831541],[-149.6645223069645,60.183248294830179],[-149.66453868096448,60.183248499827542],[-149.66455396696094,60.183243234825433],[-149.66459257495282,60.183231341819976],[-149.66463395794375,60.183217841814169],[-149.66466658993173,60.183199775810095],[-149.66469765091861,60.183179918806381],[-149.66472851191008,60.183167230802226],[-149.66475539889848,60.183149730799059],[-149.66478351388727,60.183132742795593],[-149.66482397387915,60.183120827789857],[-149.66486314287624,60.183116906783837],[-149.66489483787026,60.183108177779303],[-149.66492396085985,60.18309250877563],[-149.66495743485052,60.183078577771134],[-149.66498861784055,60.183063566767068],[-149.66502393783762,60.18305964176168],[-149.66504351384168,60.183066166758131],[-149.66506374784163,60.183066388754852],[-149.66507529584388,60.18307011975277],[-149.66509252984687,60.183074990749731],[-149.66509867185323,60.183084909748104],[-149.66509663485667,60.18309019874809],[-149.66510035886384,60.18310133074678],[-149.66510664386655,60.183105620745494],[-149.66513393386859,60.183109172740913],[-149.6651459518732,60.183116528738552],[-149.66516810987559,60.183120564734701],[-149.66518433187255,60.183116088732412],[-149.66520561486485,60.183104502729698],[-149.66523268386169,60.18310005572566],[-149.66525263886447,60.183104622722205],[-149.66524986487173,60.183115790721907],[-149.66524759587821,60.183125846721616],[-149.66522893988954,60.183143104723548],[-149.6652137348988,60.183157179725065],[-149.66517740691015,60.183174183729847],[-149.66514311692018,60.183189175734384],[-149.66510044492833,60.183201147740462],[-149.6650601659365,60.183213139746201],[-149.6650288849433,60.183223202750568],[-149.66499267095421,60.183239520755336],[-149.66498240396874,60.183261896755525],[-149.66496293397938,60.183278032757634],[-149.66493838699014,60.183294313760541],[-149.6649082080055,60.183317591763924],[-149.66490462902189,60.183342949762917],[-149.6649030870374,60.18336692676165],[-149.66489033405159,60.183388685762317],[-149.66488354206533,60.18340978076202],[-149.66487335207785,60.183429061762496],[-149.66486406708964,60.183447092762798],[-149.66485634910168,60.183465681762918],[-149.66484728011434,60.183485126763102],[-149.66484627612974,60.183508923761735],[-149.66485910814376,60.18353083375834],[-149.6648711401584,60.183553674754933],[-149.66487517317185,60.183574517752987],[-149.66488409518482,60.183594759750285],[-149.66490263319824,60.183615836745965],[-149.66492372921059,60.183635239741378],[-149.66493990622368,60.183655742737464],[-149.6649487102361,60.183675109734807],[-149.66495506524802,60.183693606732668],[-149.66495653425022,60.183697082732181],[-149.66496267625217,60.183700185731041],[-149.66497173725173,60.183699636729621],[-149.66497685025024,60.183697376728915],[-149.66498637924772,60.183693693727633],[-149.66499397924255,60.183685810726899],[-149.66501445122864,60.183664572724958],[-149.66502787321477,60.183643274724176],[-149.66504010920252,60.183624480723374],[-149.66504438318773,60.183601667724147],[-149.66504499317523,60.183582358725282],[-149.66503039416051,60.183559370729064],[-149.66503476615625,60.183552832728751],[-149.6650502431531,60.183548157726612],[-149.66512061114287,60.183533435716257],[-149.66515371114161,60.183532005711037],[-149.6651903581357,60.18352342370568],[-149.66523301513374,60.183521029699016],[-149.66526821413657,60.183525918693043],[-149.66530130213627,60.183525998687735],[-149.66533777613611,60.18352629868189],[-149.66535870213534,60.183525417678574],[-149.66538967012926,60.183516440674175],[-149.66543835512286,60.183507306666982],[-149.66547596911769,60.183499951661361],[-149.66550597811374,60.183494292656917],[-149.66554551011168,60.183491653650734],[-149.66558121211105,60.183491255645045],[-149.66561602110258,60.183478684640306],[-149.66564842009402,60.183465880635922],[-149.66567329408676,60.183455004632599],[-149.66570102508237,60.183448700628546],[-149.66572858607947,60.183444625624368],[-149.66576354207649,60.183440514619036],[-149.6657847130796,60.183445667615331],[-149.66582101208158,60.183449278609295],[-149.66585081708217,60.183450660604429],[-149.66587842808647,60.183457730599542],[-149.66590734708529,60.18345633759499],[-149.6659330800814,60.183450768591229],[-149.66596218507541,60.183441912587092],[-149.66599055307043,60.183434616583014],[-149.66601659006025,60.183419273579858],[-149.66604157905164,60.183406298576664],[-149.66606592504314,60.183393583573547],[-149.66609525703382,60.183379541569749],[-149.66611890902504,60.183366366566801],[-149.66614572301614,60.1833529925633],[-149.66618042701069,60.183345108558278],[-149.66621294400417,60.183335435553644],[-149.66624769900105,60.183331176548378],[-149.66627705000144,60.18333218954357],[-149.66629937900146,60.183332635539976],[-149.66632124299858,60.18332851153675],[-149.66634583599145,60.183317816533453],[-149.66636241098234,60.183304005531689],[-149.6663873739719,60.183288237528664],[-149.66642428596646,60.183280316523216],[-149.66644615396353,60.183276146520051],[-149.66647882795917,60.183269875515172],[-149.66651478295256,60.183260246510031],[-149.66653887594273,60.183245424507099],[-149.66657293993279,60.183230527502545],[-149.66660356892635,60.183221021498269],[-149.66662712092457,60.18321870349466],[-149.66665679592376,60.183217846489931],[-149.66667866092723,60.18322354448604],[-149.66669302792414,60.183219021484049],[-149.66670734692306,60.183217548481863],[-149.66671123992049,60.18321358448145],[-149.66671551691761,60.183209229481051],[-149.66671424590828,60.183194783482158],[-149.66671566289881,60.183180117482884],[-149.666728569886,60.183160484482038],[-149.66674470487629,60.183145704480424],[-149.66676352786499,60.183128512478461],[-149.66678715385211,60.183108961475938],[-149.66680299483957,60.183089792474561],[-149.66680538582654,60.183069680475498],[-149.66678368781561,60.18305242448001],[-149.66676587280398,60.183034163484052],[-149.66676530879016,60.183012774485519],[-149.66678045977926,60.18299610248414],[-149.6668059067681,60.182979259481094],[-149.66682557675716,60.182962632478997],[-149.66684254874579,60.182945236477394],[-149.66686680773469,60.182928454474542],[-149.66688212872177,60.182908701473387],[-149.6668947657075,60.182886820472724],[-149.66692426769427,60.182866798469263],[-149.66696029968557,60.182853897464305],[-149.66699574767611,60.182839804459512],[-149.66703460766789,60.182827657454055],[-149.66707252366109,60.182817741448581],[-149.66711359465447,60.182808121442591],[-149.66715189464639,60.182796197437227],[-149.66719472963905,60.182785464431049],[-149.66723857563213,60.182775408424618],[-149.66726791463151,60.18277492741997],[-149.66728027463617,60.182782307417547],[-149.66728113464475,60.182795580416538],[-149.66727653565786,60.182815833416008],[-149.66727217667275,60.18283882041527],[-149.66728477368594,60.182859340411909],[-149.66729689269494,60.182873512409095],[-149.66733270170309,60.182886722402486],[-149.66734917271367,60.182903297398809],[-149.66736422072461,60.182920485395329],[-149.66737331573512,60.182936871392812],[-149.66737568974852,60.182957699391125],[-149.66738027876218,60.182978873389068],[-149.66739405977648,60.183001199385416],[-149.66740135379095,60.183023709382837],[-149.66741520680281,60.183042309379466],[-149.66741187881885,60.183067042378418],[-149.6674046548257,60.183077491378931],[-149.66740221383893,60.183097980378029],[-149.6673936498502,60.183115272378302],[-149.66740847085759,60.183126918375208],[-149.66742877785265,60.183119603372418],[-149.66744862784205,60.183103465370216],[-149.66746982183648,60.183095170367359],[-149.66748822782958,60.183084776365057],[-149.66750444282465,60.183077433362918],[-149.66751577581749,60.183066523361767],[-149.66752018780596,60.183048752362204],[-149.66751968779522,60.183032158363339],[-149.66752528078513,60.183016562363427],[-149.66752369277182,60.182995993365004],[-149.66753630275821,60.182975061364274],[-149.66755577274793,60.182959507362177],[-149.66757232473785,60.182944148360455],[-149.6675931557258,60.182925823358303],[-149.667616717714,60.182907949355666],[-149.66763580470001,60.182886572353979],[-149.66765290668621,60.182865486352561],[-149.66766208767194,60.182843563352442],[-149.66767031165395,60.182815774352861],[-149.6676790766364,60.182788799353162],[-149.66769520861973,60.18276320635222],[-149.6677166356032,60.182737934350357],[-149.66773518858642,60.182712277349033],[-149.6677572765702,60.18268754234704],[-149.66777303455547,60.182664949345948],[-149.66779772054406,60.182647690343089],[-149.66782602853038,60.182626990339855],[-149.6678468295263,60.182620992336901],[-149.66787334352523,60.182619693332711],[-149.66789071852338,60.182617133330112],[-149.66791501852634,60.182622078325913],[-149.66792305853085,60.182629145324185],[-149.6679183695336,60.18263335032465],[-149.6679089085427,60.182647313325297],[-149.66791648554519,60.182651233323831],[-149.66793666954612,60.182652998320442],[-149.66796180854601,60.182653216316432],[-149.66799165054985,60.18265963931124],[-149.66802339755543,60.182668765305586],[-149.66804145656423,60.182682641301781],[-149.66806441857273,60.18269613029728],[-149.66808092058056,60.182708540293852],[-149.66808856758783,60.182719890291878],[-149.66810476559584,60.182732516288482],[-149.66812711060194,60.182742257284332],[-149.66814555360853,60.182752836280699],[-149.66817142361552,60.182764024275812],[-149.66819085662206,60.182774407272063],[-149.6682091696286,60.182784841268465],[-149.66824831663519,60.182795599261532],[-149.66826017263966,60.182802704259139],[-149.66828673964523,60.1828117712543],[-149.66828849465031,60.182819624253533],[-149.66828423566292,60.18283908225299],[-149.66827133867545,60.18285825025383],[-149.6682614166896,60.182880015254092],[-149.66826286470285,60.182900539252522],[-149.66826391471491,60.182919204251213],[-149.66826885072447,60.182934104249469],[-149.66829083873529,60.182951172244856],[-149.66832068374543,60.182967334239059],[-149.66834451975879,60.182988342233898],[-149.66835090677216,60.183009169231561],[-149.66834525978621,60.183030766231099],[-149.66834099179988,60.183051893230477],[-149.66833949381351,60.183072961229357],[-149.66832624082591,60.183091928230283],[-149.66831631183825,60.18311093223064],[-149.66830615985089,60.183130281231065],[-149.66829945686101,60.183145809231164],[-149.66830122786797,60.18315665423021],[-149.66830769087949,60.183174528228022],[-149.66832483688796,60.183187991224436],[-149.66834356289684,60.183201983220549],[-149.66835942789922,60.183205919217755],[-149.66838814889988,60.183207361213078],[-149.66841668089648,60.183202505208783],[-149.66843774789061,60.183193822205993],[-149.66846732688492,60.183185433201757],[-149.66849128187846,60.183175782198489],[-149.66851042886984,60.183162766196276],[-149.66854502686471,60.183155316191197],[-149.66857290786578,60.183157400186637],[-149.66859889786741,60.183160395182263],[-149.66862501086595,60.183158493178198],[-149.66865203486239,60.183153412174192],[-149.66867752185831,60.183147474170475],[-149.6687075768526,60.183139081166154],[-149.66874900484939,60.183134736159793],[-149.66878808884636,60.183130712153783],[-149.66882488384164,60.183123876148343],[-149.66886122683644,60.183116450142961],[-149.6688985958327,60.183111203137329],[-149.66892814783176,60.183110206132618],[-149.66895449483172,60.183110552128404],[-149.66897808983214,60.18311156112452],[-149.66900410382971,60.183108160120604],[-149.6690359128275,60.183105242115673],[-149.66905976582171,60.18309671111242],[-149.66908396081215,60.183082206109418],[-149.66910283380537,60.183072081107028],[-149.66911565079926,60.183062777105604],[-149.66914398879371,60.183054635101577],[-149.66916702778943,60.183048348098247],[-149.66919424778501,60.183041932094291],[-149.66921468178586,60.18304355709094],[-149.66923994178703,60.183045744086748],[-149.66926378778999,60.183050705082621],[-149.6692931757924,60.183054884077613],[-149.66930400179905,60.183065308075207],[-149.66931886880644,60.183077024072105],[-149.6693171418168,60.183093048071363],[-149.66930807682664,60.183108118071864],[-149.66930448483555,60.183121871071585],[-149.6692905978463,60.18313825407278],[-149.66927456285825,60.183156486074218],[-149.66925217486994,60.183174214076672],[-149.66922964288074,60.183190620079237],[-149.66919999089308,60.18320927008282],[-149.66916059390451,60.183226362088064],[-149.66912205791402,60.183240520093342],[-149.66908205692144,60.18325136309906],[-149.66904535493097,60.183265531104063],[-149.6690252469362,60.183273304106763],[-149.66902024793893,60.183277498107294],[-149.66901494694113,60.183280780107971],[-149.6690165489436,60.183284625107433],[-149.66902027794598,60.183288349106633],[-149.6690329699463,60.183289017104528],[-149.66905164794534,60.183287869101619],[-149.66908852694354,60.183285624095838],[-149.66912983194359,60.183286336089161],[-149.66916710094421,60.183287904083095],[-149.66919801394474,60.183289163078058],[-149.66922508794366,60.183287890073828],[-149.66925553993977,60.183282347069273],[-149.66928941093636,60.183277576064164],[-149.6693204999344,60.183275102059312],[-149.66934492293191,60.183271554055608],[-149.66937652893043,60.183269771050711],[-149.66940652092819,60.183266757046077],[-149.66944547092297,60.183259276040282],[-149.66948554891709,60.183250835034436],[-149.6695267359118,60.183243232028275],[-149.66957029890685,60.183236287021735],[-149.66961408790141,60.183228474015237],[-149.6696578738958,60.183220426008688],[-149.66969728088932,60.183211099002968],[-149.66973836588298,60.183201881996965],[-149.66977935987396,60.183188539991235],[-149.66981759286523,60.183175635985911],[-149.66986031185724,60.183163950979804],[-149.66990398785035,60.183153910973438],[-149.66994262383915,60.183137200968332],[-149.66999053182855,60.183121532961636],[-149.670036172826,60.183118255954497],[-149.67007338182287,60.183114056948831],[-149.67009966481501,60.183102221945347],[-149.67010757280133,60.183081166945421],[-149.67012792578493,60.183056120943718],[-149.67012571476883,60.183031172945682],[-149.67011438575344,60.183007178949026],[-149.67008220273854,60.182983641955659],[-149.67005539172271,60.18295873496151],[-149.67004515970976,60.182938521964452],[-149.67003068269378,60.182913501968343],[-149.67004116767927,60.182891254968084],[-149.67005376766511,60.182869584967392],[-149.67006711465049,60.182847087966707],[-149.67007687263649,60.182825655966447],[-149.67007962762142,60.182802341967523],[-149.6700717106055,60.18277761197033],[-149.67005039658923,60.182752102975371],[-149.67002113057231,60.182725475981769],[-149.66999435355737,60.182701952987529],[-149.66996379454068,60.182675646994099],[-149.66991838452944,60.182657522002515],[-149.6698693925245,60.18264917301093],[-149.66985317751701,60.182637284014262],[-149.669872080511,60.182628274011812],[-149.6699053815056,60.182620455006948],[-149.66994449150133,60.182614441001057],[-149.66999733849633,60.182607488993042],[-149.67004590349063,60.18259945198573],[-149.67008973948202,60.182586765979501],[-149.67012374047036,60.182569249975202],[-149.67016071246019,60.182554084970192],[-149.67019988944955,60.182538157964942],[-149.67024167143617,60.182518182959512],[-149.67027178042397,60.182499697955869],[-149.67030608441112,60.182480329951552],[-149.67034793940272,60.182468024945635],[-149.67038579539647,60.182458908940134],[-149.67041785238871,60.182447399935732],[-149.67046680739134,60.182452204927586],[-149.67050110839952,60.18246542192125],[-149.67053235740889,60.182480415915265],[-149.67055158141301,60.182487108911808],[-149.67060062341915,60.182497324903274],[-149.67064585942435,60.182506052895469],[-149.67070399942577,60.18250911688596],[-149.67075639042613,60.182510492877476],[-149.67080865042439,60.182508609869238],[-149.670863948423,60.182507315860441],[-149.67091250742567,60.182512145852371],[-149.67095968142752,60.182515748844565],[-149.67100774343061,60.182521266836531],[-149.67106335843354,60.182526630827283],[-149.6711127074328,60.182526246819357],[-149.67115668943674,60.182533068811871],[-149.67120354444472,60.182546146803524],[-149.67124200345603,60.182564201796218],[-149.6712914694636,60.182576716787544],[-149.67134604046691,60.182582634778427],[-149.67139899847086,60.182589536769484],[-149.67143987947983,60.182604058762017],[-149.67146236049453,60.182627197756915],[-149.67150835150312,60.182641208748677],[-149.67155493151233,60.182656088740252],[-149.67160580451983,60.182668496731345],[-149.67166598952423,60.182676269721192],[-149.67172636352652,60.182680697711255],[-149.67177707653198,60.18269000570254],[-149.67182444753652,60.182697692694454],[-149.67187942953962,60.182703329685239],[-149.67192490653153,60.182691520678709],[-149.67196055152377,60.182680054673732],[-149.67199514851728,60.182670557668771],[-149.67201848451722,60.182670812665044],[-149.67203965852255,60.182679392661107],[-149.67206280752234,60.182679392657391],[-149.67208349752227,60.182679645654055],[-149.67210252152401,60.18268261465078],[-149.67213424752123,60.182678791645962],[-149.6721573955212,60.182679088642232],[-149.67219314752293,60.182682289636325],[-149.67221436552694,60.182688900632492],[-149.67224641152927,60.182692982627081],[-149.67227767453281,60.182698938621677],[-149.67230751653835,60.182707959616373],[-149.67233911654742,60.182722449610395],[-149.67236473955799,60.182739298605192],[-149.67237322057139,60.182760095602518],[-149.67236464658578,60.182782238602506],[-149.67236701759535,60.182797069601186],[-149.67236273560553,60.182812775600873],[-149.67235591161577,60.182828534600972],[-149.67234625662829,60.182847724601288],[-149.67233550763888,60.182864013602021],[-149.67232869765274,60.182885354601737],[-149.6723164986646,60.182903442602537],[-149.67230131367609,60.182920989603893],[-149.67229466668846,60.182940063603724],[-149.67228773369033,60.182942831604656],[-149.67226278369716,60.182953065608004],[-149.67224568170781,60.182969217609738],[-149.6722430507152,60.18298068760943],[-149.67224023272507,60.182995898608937],[-149.67223171473577,60.183012316609293],[-149.67222241274504,60.183026527609904],[-149.67222274675282,60.183038572609021],[-149.67222564476776,60.183061765607093],[-149.67222323978362,60.183086219605975],[-149.67222698879743,60.183107606604018],[-149.67222137581146,60.183129303603515],[-149.67222239882443,60.183149351602083],[-149.67222705883131,60.183160057600666],[-149.67223306084014,60.18317384659882],[-149.67223888984873,60.183187237597068],[-149.67223593085549,60.183197630596851],[-149.67223244186343,60.183209882596685],[-149.67222823487367,60.183225653596338],[-149.67222414688601,60.183244683595774],[-149.67222190189278,60.183255137595481],[-149.67222410190539,60.183274698593877],[-149.67222591291468,60.183289074592693],[-149.67222722192361,60.183302970591591],[-149.67222462393107,60.183314419591291],[-149.67222027194188,60.183331073590971],[-149.67221725095413,60.183350020590247],[-149.67222102896474,60.183366507588602],[-149.67222175997532,60.183382877587476],[-149.67221834098655,60.183400176586908],[-149.67221692399821,60.183418236585993],[-149.67221061400826,60.183433655585986],[-149.67220703201977,60.183451396585468],[-149.67219991503202,60.183470238585443],[-149.67219262804227,60.183486008585568],[-149.67216321604889,60.183495830589706],[-149.67213164705811,60.183509575593874],[-149.67211588807032,60.183528237595226],[-149.6720975360823,60.18354648559702],[-149.67208247509339,60.183563402598352],[-149.67207404010551,60.183582040598544],[-149.67206873111618,60.183598470598334],[-149.67206437912952,60.183619071597725],[-149.67206263113636,60.183629577597372],[-149.67205058514892,60.183648871598052],[-149.67204653316011,60.183666100597648],[-149.67204097316855,60.183679060597726],[-149.67203642417624,60.183690926597656],[-149.67203118518805,60.18370912559736],[-149.67201847120114,60.183729220598153],[-149.67199861820964,60.183742055600518],[-149.67199474621941,60.183757047600189],[-149.67198134623106,60.183774892601214],[-149.67195767724863,60.183801738603279],[-149.67194044126381,60.18382499160456],[-149.67192591727863,60.183847642605457],[-149.67191483829254,60.183869009605928],[-149.6719013083021,60.183883601607128],[-149.67190163830773,60.183892326606575],[-149.67189760231929,60.183910159606043],[-149.67188334533614,60.183936036606731],[-149.67186268435049,60.18395788160867],[-149.6718562513681,60.183985054607938],[-149.67184203738688,60.18401386460841],[-149.67183800840439,60.184040958607355],[-149.67184051042105,60.184066743605321],[-149.67185332643754,60.184092436601645],[-149.67187007545593,60.184121176597138],[-149.67189177647538,60.184151557591726],[-149.67191243749369,60.184180271586619],[-149.6719388345104,60.184206501580725],[-149.67196561152784,60.184233860574693],[-149.67201756454114,60.184255293565045],[-149.67206781455329,60.184274890555756],[-149.67212672456117,60.184287976545448],[-149.67217322156995,60.184302237537089],[-149.67219681057401,60.18430891053292],[-149.6722505985758,60.184312500524065],[-149.67227516458837,60.184332303518872],[-149.67229833659835,60.184348093514174],[-149.67232913261367,60.184372256507686],[-149.67235547562893,60.184396313501956],[-149.6723763496434,60.184418979497138],[-149.67239031365744,60.184440976493548],[-149.67241971867045,60.184461528487496],[-149.67245066468337,60.184481977481276],[-149.67247554469557,60.184501301476047],[-149.67251263370065,60.184509648469579],[-149.67254651070681,60.184519732463514],[-149.67257801771225,60.184528644457892],[-149.67261370271612,60.18453517745175],[-149.67263802471493,60.184533698447943],[-149.67264435472376,60.184547484446071],[-149.67266729973397,60.184563668441378],[-149.67270275173479,60.184565454435557],[-149.67274153473329,60.184563732429467],[-149.67277782073461,60.184566285423486],[-149.67280540774445,60.184582013418073],[-149.67284230075015,60.184591322411563],[-149.67288358875268,60.184595880404657],[-149.67292581674945,60.184591559398164],[-149.67296878574894,60.184591385391315],[-149.67301135775193,60.184596753384106],[-149.67304666875515,60.18460220737812],[-149.67308207375814,60.184607400372123],[-149.67311649476238,60.184614550366128],[-149.67315745276781,60.184623511359042],[-149.67319308177531,60.184635622352559],[-149.67322262978595,60.184652560346734],[-149.6732402927901,60.18465931234347],[-149.67326316079664,60.184669719339126],[-149.67328170380739,60.18468669033512],[-149.67328394481993,60.184706074333526],[-149.67330764682544,60.184714967329143],[-149.67334649382457,60.18471425532298],[-149.67338166182884,60.18472141431689],[-149.67341630682881,60.184721898311309],[-149.67344918382935,60.184723241305967],[-149.67347376583223,60.184728058301708],[-149.67351456383597,60.184734450294748],[-149.67355836683248,60.18472973628802],[-149.67359800382826,60.184723822282052],[-149.67363504582733,60.184722945276185],[-149.67366036283633,60.184737250271205],[-149.67368358784282,60.18474768426681],[-149.67370990084569,60.184752488262298],[-149.67374774085064,60.184760761255703],[-149.67377852985018,60.184760512250797],[-149.67381986185435,60.184767615243715],[-149.6738348128651,60.184784408240297],[-149.67384801887459,60.184799392237188],[-149.67387851487842,60.184805740231887],[-149.67390238388441,60.184815394227449],[-149.67393102589247,60.184828337222044],[-149.67396007390039,60.184841000216601],[-149.67397196691073,60.184857186213641],[-149.67396515391408,60.184862243214447],[-149.67396949192005,60.184871586213191],[-149.67398260892313,60.184876499210766],[-149.67400324592697,60.184882753207049],[-149.67403231793077,60.184889073201994],[-149.67405882093416,60.184894770197403],[-149.67409028394121,60.184906178191589],[-149.67410661294281,60.184908864188834],[-149.6741369849403,60.18490547218417],[-149.67417957993649,60.184900190177686],[-149.67421963793166,60.184893340171705],[-149.674251987937,60.184902118165965],[-149.67428368694399,60.184913390160162],[-149.67430810694594,60.184916831156016],[-149.67432384495422,60.184929843152688],[-149.67431862196455,60.184945806152534],[-149.67430474197647,60.184964001153581],[-149.67431910198542,60.184978026150375],[-149.67433122199395,60.184991442147592],[-149.6743443090005,60.185001804144846],[-149.67437548800518,60.185009513139363],[-149.67438802800328,60.18500674213756],[-149.67439569400531,60.185010013136079],[-149.67440914900703,60.185012877133772],[-149.674422287005,60.18500999213181],[-149.67443683300226,60.185005970129751],[-149.67448115300144,60.18500535112269],[-149.67451361900424,60.185010171117149],[-149.67454773700646,60.185014130111455],[-149.67458349501138,60.185022313105186],[-149.6746109360169,60.185031270100254],[-149.6746291960288,60.185049975096142],[-149.67464226603582,60.185060996093334],[-149.67466215904113,60.185069547089618],[-149.67469577304061,60.185069213084255],[-149.67473174204034,60.185069393078429],[-149.67476671304439,60.185076238072433],[-149.67478276805068,60.185086181069238],[-149.6748209080508,60.18508698806307],[-149.67486533405227,60.185089894055729],[-149.67489595005688,60.185097471050362],[-149.67494171005592,60.185096706043083],[-149.67497884305513,60.185096102037136],[-149.67502723105525,60.185097014029324],[-149.67506804905994,60.185104858022292],[-149.6751059050622,60.185108930015971],[-149.67515216506368,60.18511195900841],[-149.67519534406122,60.185108837001671],[-149.67524535306023,60.185108073993696],[-149.67528114805964,60.185107694987948],[-149.67532341405555,60.18510204698152],[-149.67535236505088,60.185095247977365],[-149.67537591404798,60.185091090973813],[-149.67542072704492,60.185087130966863],[-149.67545345105049,60.185096204961106],[-149.67548438005161,60.185098429956],[-149.67552617504953,60.185095879949436],[-149.67556263705063,60.185098071943465],[-149.67560365104995,60.185097680936885],[-149.6756472840483,60.18509580293005],[-149.67569899104066,60.185084842922457],[-149.67574820303554,60.185077590915022],[-149.67579611403127,60.185071745907678],[-149.67584578002615,60.18506459590018],[-149.67589477802096,60.185057294892815],[-149.67594487401797,60.185053443884982],[-149.6759879700177,60.185053705878083],[-149.67603217601769,60.185054348870977],[-149.67607111301703,60.185053920864739],[-149.67611776701366,60.185049448857534],[-149.67615549300788,60.185041123852024],[-149.67620526500122,60.185031523844636],[-149.67625699199849,60.185028156836594],[-149.67629987699686,60.185026276829817],[-149.67635323499763,60.185028278821108],[-149.67640525499496,60.185024945812984],[-149.67645143499371,60.185023713805663],[-149.67649379699409,60.185024977798783],[-149.67653762598758,60.185015551792404],[-149.67658313298452,60.185011529785314],[-149.67662748898451,60.185012191778164],[-149.67667638498071,60.185007036770656],[-149.67672069097679,60.185001664763917],[-149.67676986297434,60.184998642756234],[-149.67681779097353,60.184998139748558],[-149.67686192697249,60.184997167741535],[-149.67691125197237,60.184997794733604],[-149.67696095096952,60.184994111725871],[-149.67701137096995,60.184995634717701],[-149.67705490996806,60.184993331710878],[-149.67710462596759,60.184993344702875],[-149.6771415949689,60.184995965696807],[-149.6771852499694,60.184997397689699],[-149.67723580696395,60.184989783682127],[-149.67728480496351,60.184989812674232],[-149.67733496796237,60.184988832666264],[-149.67738329296029,60.184986344658689],[-149.6774354659608,60.184987962650212],[-149.67748571495775,60.184984043642409],[-149.6775329759574,60.184984211634806],[-149.67757943395605,60.184982804627438],[-149.67762967995347,60.184979597619609],[-149.67767904795144,60.184977276611839],[-149.67773538095,60.184975881602874],[-149.67778724394898,60.184975082594654],[-149.67783619295108,60.184979106586511],[-149.67787754794873,60.184976098580108],[-149.67793302594501,60.184971157571482],[-149.67797639794551,60.184972675564467],[-149.67801882394568,60.18497354755759],[-149.67805690294418,60.184971816551609],[-149.67812147294637,60.184976200541001],[-149.67814359094206,60.184969832537831],[-149.67817627493923,60.184966024532812],[-149.67821611493349,60.18495774752693],[-149.67826161892978,60.184952665519994],[-149.67830999393203,60.184956901511967],[-149.67835685093115,60.184956313504529],[-149.67839277693031,60.184955534498812],[-149.67843173693066,60.184956675492472],[-149.67847268792758,60.184952560486131],[-149.67851487292594,60.184950646479507],[-149.67854714992473,60.184949244474453],[-149.67859767591844,60.184940315466875],[-149.67863347390966,60.184927295461989],[-149.67867298790722,60.184924142455834],[-149.67871666990939,60.184928159448617],[-149.67875876490641,60.184924186442117],[-149.67880112390145,60.184917209435774],[-149.67884909489456,60.184907233428703],[-149.67889283788912,60.18489952442215],[-149.67894361388156,60.184888605414727],[-149.67898924787582,60.184880416407893],[-149.67903814886677,60.184867143400908],[-149.67906516986429,60.184863733396817],[-149.67910172586491,60.184865301390822],[-149.67913862486492,60.184865858384889],[-149.6791845818573,60.184854762378258],[-149.67923356385015,60.184844446370995],[-149.67927891384153,60.184831822364579],[-149.67933199083203,60.184817974356903],[-149.67938491782536,60.184808430349058],[-149.67943516382337,60.184806145341163],[-149.67948673681826,60.184799075333288],[-149.67954327281731,60.184798461324277],[-149.67959791081694,60.184798715315488],[-149.6796505918131,60.184793579307417],[-149.67970611080338,60.184779401299387],[-149.67976505379559,60.184768276290633],[-149.67982271079256,60.184764427281635],[-149.67988750078894,60.184759870271577],[-149.67994286578255,60.184750848263249],[-149.6799942457767,60.184742569255555],[-149.68004446476692,60.184728190248414],[-149.680089904759,60.184716679241831],[-149.68010449775733,60.18471429223964],[-149.68012605275783,60.18471539923614],[-149.68015696975851,60.184716915231078],[-149.68018156676095,60.184721099226842],[-149.68021335976258,60.184724077221553],[-149.68024731575983,60.18472039921636],[-149.68029235275333,60.184710992209752],[-149.68035244075065,60.184707793200332],[-149.68040706174907,60.184706187191665],[-149.68045977574968,60.184707938183109],[-149.6805111587507,60.184710336174703],[-149.68056970874832,60.184707566165507],[-149.68062186274952,60.184710201156975],[-149.68066648875893,60.184725438148888],[-149.68070516577299,60.184747822141233],[-149.68074221178171,60.184761821134444],[-149.68078814177531,60.18475264512761],[-149.680826471762,60.184732683122768],[-149.68087699075298,60.184719528115473],[-149.68092848374866,60.184713621107605],[-149.6809754277447,60.184708151100466],[-149.68102767174605,60.184711087091891],[-149.68107891474662,60.184712784083523],[-149.68113320974933,60.184717817074535],[-149.68118687775205,60.184722840065589],[-149.68123527575605,60.184729764057366],[-149.68128069276227,60.184740135049466],[-149.68133241576462,60.184744557040908],[-149.68138112076767,60.184750025032749],[-149.68143156376979,60.184754067024414],[-149.6814879257719,60.184758270015116],[-149.68152282377997,60.184771194008661],[-149.68155477078693,60.184782477002848],[-149.68159624479151,60.184790213995726],[-149.68163415479927,60.184802805988866],[-149.68167297780269,60.184808712982282],[-149.68171992880607,60.184814675974366],[-149.68175624481125,60.184823277967972],[-149.68180111781479,60.184829397960399],[-149.68184210881947,60.184837303953358],[-149.68186455982544,60.184846887949149],[-149.68190164982784,60.184851157942902],[-149.68191990883523,60.184862908939209],[-149.68194369784345,60.18487604293459],[-149.6819665398493,60.184885363930334],[-149.68200853484797,60.184883943923708],[-149.68205886084036,60.184872960916302],[-149.68209650283308,60.184862288910963],[-149.68213771081821,60.184839913905769],[-149.68218812679979,60.184812198899465],[-149.68224047078476,60.184789750892485],[-149.68229513177769,60.184779684884361],[-149.68234194677274,60.184772710877311],[-149.682360825769,60.184767213874622],[-149.68240741376272,60.184758198867726],[-149.68246680375688,60.1847501378587],[-149.68252240974951,60.184739575850465],[-149.68256964374407,60.184731889843377],[-149.68261810573816,60.184723469836179],[-149.68266895872989,60.184711443828732],[-149.68272907972414,60.184703497819612],[-149.68277763772215,60.184701156811968],[-149.68283103870706,60.184678675804854],[-149.6828775126919,60.184655933798837],[-149.68292164868058,60.184639113792834],[-149.68296975967058,60.184624398786049],[-149.68302772966655,60.184619045777076],[-149.68308040666525,60.18461785276871],[-149.68312968266559,60.184619134760752],[-149.68318226966622,60.184620886752214],[-149.68323711166602,60.184621457743368],[-149.68328617666452,60.184619838735628],[-149.68333196965241,60.18460185672938],[-149.68336132863851,60.184580768726036],[-149.68341726763188,60.184571461717631],[-149.68347304263213,60.184572653708621],[-149.68352819763075,60.184571353699845],[-149.68358812562542,60.184564041690741],[-149.68363524962012,60.18455657668364],[-149.68368559561429,60.184548356676103],[-149.6837435156159,60.184551718666583],[-149.683795689622,60.184561982657598],[-149.68384618562621,60.184569273649018],[-149.6838972746298,60.184575623640463],[-149.68394607363405,60.18458293563215],[-149.68398881264028,60.184593263624627],[-149.68403557264006,60.184593644617102],[-149.68408892763719,60.184590054608776],[-149.68414518963448,60.184586644599989],[-149.68419568563257,60.184584539592009],[-149.68424966663298,60.184585973583282],[-149.68430370463165,60.18458480957473],[-149.68436006663481,60.18459054056531],[-149.68441115663978,60.184599059556597],[-149.68445862464367,60.184605760548521],[-149.68451642764816,60.184613641538796],[-149.68457152963907,60.184600420530785],[-149.68461311762636,60.184581387525313],[-149.68465396562181,60.184574914519203],[-149.68469457661993,60.184572703512785],[-149.68473566762131,60.184575458506075],[-149.68478002362238,60.184577841498772],[-149.68482335562342,60.184580122491724],[-149.68487917462286,60.18458013048275],[-149.68493379662775,60.184588514473468],[-149.68499361662779,60.184589536463811],[-149.68505463863016,60.184594082453749],[-149.68510592863672,60.184605045444805],[-149.68516058664383,60.184616914435324],[-149.68521397764161,60.184614285426889],[-149.6852739916385,60.184610433417561],[-149.68532354063541,60.184606393409844],[-149.68537248262973,60.184598388402527],[-149.68540870763306,60.184604025396382],[-149.68544915163093,60.184601448390012],[-149.68548881562924,60.18459947338382],[-149.68552601463389,60.184607257377337],[-149.6855649216362,60.184611370370831],[-149.68560556964238,60.184621564363717],[-149.685645236651,60.184635532356424],[-149.6856858436596,60.184649444349084],[-149.68572555466901,60.184664611341695],[-149.68576374067425,60.184673368335076],[-149.68579788867814,60.184679886329164],[-149.68583966667819,60.184680616322417],[-149.68586865867621,60.184677969317974],[-149.68589750967473,60.184676204313426],[-149.68595829466992,60.184669656304123],[-149.68601531066733,60.184666517295156],[-149.6860726666637,60.184661865286238],[-149.68613388866225,60.184660496276543],[-149.68619587666208,60.184661227266574],[-149.68625288665936,60.184657899257651],[-149.68630887865538,60.184652599249013],[-149.68636922365323,60.184650205239464],[-149.68642170065033,60.184646514231247],[-149.68647419364589,60.184640485223255],[-149.68653470164432,60.184638978213613],[-149.68658829963903,60.18463162520549],[-149.68664661263077,60.184619789196901],[-149.6867067506239,60.184610093187914],[-149.68676422361543,60.184597847179447],[-149.68678852460948,60.184589035176117],[-149.68682199960665,60.184585168170962],[-149.68687897960714,60.184586830161784],[-149.68689773460838,60.184589009158607],[-149.68692493661018,60.184592170154041],[-149.68696369260243,60.18458083114858],[-149.68699311159392,60.184568106144631],[-149.6870294365842,60.184553615139727],[-149.68704858356702,60.184527379138324],[-149.68706699955271,60.18450546813677],[-149.68708987854313,60.184491031134023],[-149.68712031353218,60.184474519130198],[-149.68716141152868,60.184469838123903],[-149.68720586152497,60.184464707117066],[-149.68724249051843,60.184455151111798],[-149.68729223251847,60.184456017103813],[-149.68733585851754,60.184455270096883],[-149.68738272951998,60.184459789089004],[-149.6874201285186,60.184458206083164],[-149.68745939151265,60.184449590077413],[-149.68750466550637,60.184440604070723],[-149.68754339850122,60.184433229064979],[-149.68758428950017,60.184432252058464],[-149.68762035449819,60.184429737052838],[-149.68765264849978,60.184432720047482],[-149.68769023050015,60.18443381604137],[-149.68772965449827,60.184431588035231],[-149.68777335749741,60.18443089602826],[-149.68781897049388,60.184426107021231],[-149.68787305549185,60.184423843012738],[-149.68792801649221,60.184425310003832],[-149.68798440649294,60.184427298994663],[-149.68804230949422,60.184430124985219],[-149.68809593349454,60.184431461976509],[-149.68815582449281,60.184429696967022],[-149.68822063148849,60.184424030956997],[-149.68828421348289,60.184416364947303],[-149.68833950247648,60.184407308939008],[-149.68839840947308,60.184403002929841],[-149.68845145346586,60.184392668921951],[-149.68850949045566,60.184377770913592],[-149.68856241044764,60.184366184905869],[-149.68861663243894,60.184353523897961],[-149.68866378942928,60.184339350891342],[-149.6887155694227,60.184329928883628],[-149.68875848141573,60.184319805877358],[-149.68880529940702,60.184307038870671],[-149.68885185039798,60.18429380186403],[-149.68888771838735,60.184277936859317],[-149.68892216637676,60.184262100854795],[-149.68895875136681,60.184247259849862],[-149.68899161835728,60.18423301584545],[-149.68903069834553,60.184215460840299],[-149.68906490933307,60.184196642836014],[-149.68908703131922,60.184175602833811],[-149.68911369830363,60.184151901831065],[-149.68914586929779,60.184143370826462],[-149.68924065528182,60.184120104812699],[-149.68934132427003,60.184103479797614],[-149.68943067326478,60.184096693783751],[-149.68952441525749,60.184086880769321],[-149.68960450224216,60.184064405757951],[-149.6896886212221,60.184034645746308],[-149.68977132020504,60.184009587734643],[-149.68986766518887,60.183986048720698],[-149.68996722718057,60.183974719705425],[-149.69006461516338,60.183949639691427],[-149.69015437914641,60.183924800678618],[-149.69020238113617,60.183909752671845],[-149.69024441112961,60.183900194665718],[-149.69030583512162,60.183888785656556],[-149.69040491910877,60.183870474641893],[-149.69047170709567,60.18385126063238],[-149.69048898409233,60.183846289629912],[-149.69055512108952,60.183843008619547],[-149.69058220308841,60.183841664615287],[-149.69066924007245,60.183818405602835],[-149.69074852705637,60.183794679591607],[-149.69085311504119,60.183772841576221],[-149.69092428903184,60.183759485565652],[-149.69100894002571,60.183751333552571],[-149.69104432402125,60.183744942547293],[-149.691093433015,60.183736073539997],[-149.69112618201552,60.183737349534688],[-149.69117736801627,60.183739343526376],[-149.69128531901231,60.183734886509292],[-149.69145221300687,60.183729073482944],[-149.6915492450035,60.183725408467616],[-149.69158079600243,60.183724173462622],[-149.6916534779937,60.183711838451757],[-149.69173407498826,60.183704685439317],[-149.69180003498306,60.18369765242916],[-149.6918473929787,60.183691639421994],[-149.69192847596381,60.18366985941033],[-149.69198461895442,60.183656217402181],[-149.69204579195028,60.183650754392751],[-149.69209917794043,60.183636360385087],[-149.6922066789229,60.183610895369512],[-149.69224064291703,60.183602320364578],[-149.69230232989878,60.183575037356398],[-149.69240932988129,60.183549672340845],[-149.69246532987194,60.183536100332731],[-149.69255377986389,60.183525004319272],[-149.69263096385711,60.18351569730747],[-149.69266832185363,60.183510880301782],[-149.69271699985083,60.183507287294262],[-149.69275847384841,60.183504226287745],[-149.69281101485066,60.183508514279076],[-149.69284109785193,60.183510970274099],[-149.69292036985101,60.183510732261425],[-149.69293546285081,60.183510687258973],[-149.69298218084316,60.183499570252195],[-149.69302177783663,60.183490148246449],[-149.69308390383122,60.183482696236979],[-149.69312288182783,60.183478020231007],[-149.69317604382738,60.183478169222504],[-149.69320700382713,60.183478256217526],[-149.69326564481639,60.183462584209117],[-149.69332627780821,60.183450875200165],[-149.69338167080173,60.183441718191844],[-149.69342072678947,60.183423353186711],[-149.69347536477289,60.183398567179538],[-149.6935346957562,60.183373685171631],[-149.69358646475081,60.183366070163785],[-149.69363503074567,60.183358925156469],[-149.69370518174438,60.183357987145243],[-149.69374283074367,60.183357483139297],[-149.69380196374854,60.183365933129267],[-149.69387776575567,60.183378166116356],[-149.69391989476026,60.183385944109119],[-149.69393646576211,60.183389003106271],[-149.69398321776279,60.183390875098631],[-149.69402682376352,60.183392620091553],[-149.69409072876024,60.183388590081535],[-149.69413307675808,60.183385918074933],[-149.69427674874404,60.183366460053136],[-149.69438535173634,60.183356170036333],[-149.69463470772544,60.183343204997193],[-149.69472809172134,60.183338290982547],[-149.69485767771351,60.183328259962437],[-149.69493123771775,60.183335902950148],[-149.69497975272049,60.183340942942017],[-149.69506227173224,60.183360397927594],[-149.69514601174524,60.183381843912812],[-149.69523753975852,60.183403796896748],[-149.69531755977039,60.183423424882683],[-149.6954403977962,60.183465300860377],[-149.6955598058249,60.183511581838282],[-149.69561942184137,60.183537978827054],[-149.69569114786012,60.183568129813636],[-149.69578086388267,60.18360446579694],[-149.69583877689732,60.183628011786183],[-149.69588359791197,60.183651371777536],[-149.69595280893114,60.183682113764462],[-149.69597691593486,60.18368825076022],[-149.69601109094015,60.183697000754194],[-149.69603766294358,60.183702711749604],[-149.69605337294522,60.1837054587469],[-149.69606966094833,60.183710522743979],[-149.69608219395101,60.183714916741657],[-149.69609464795315,60.18371833973945],[-149.69611676995623,60.183723549735539],[-149.69614950096263,60.183733947729685],[-149.69620392497336,60.18375137471984],[-149.69621094897471,60.183753623718552],[-149.69622081797402,60.183752685717053],[-149.69622478097284,60.183750891716521],[-149.69625354496702,60.183742346712428],[-149.69626797096365,60.183737380710504],[-149.69628167496001,60.183731909708641],[-149.69629555095662,60.183726893706741],[-149.69630987295193,60.183719843704857],[-149.69631681994738,60.183712920704203],[-149.69632309694148,60.183703948703759],[-149.69632470693909,60.183700305703717],[-149.69632047793328,60.183691168704961],[-149.69631694892536,60.183678869706327],[-149.69632575292272,60.183674909705147],[-149.69633460091768,60.183667253704236],[-149.69633898791389,60.18366148670389],[-149.69634430090426,60.183646676703987],[-149.69634579090035,60.183640647704124],[-149.69635040589256,60.183628625704124],[-149.69636199888743,60.183620929702748],[-149.6963692558848,60.183616948701875],[-149.69637793988028,60.183610010700896],[-149.69638270187568,60.183602968700598],[-149.69638701887015,60.183594517700449],[-149.6963972618623,60.183582552699569],[-149.69641118085295,60.18356834669823],[-149.69642128284534,60.183556721697322],[-149.6964227588426,60.18355249369732],[-149.69642459783924,60.183547222697413],[-149.6964300438336,60.183538604697048],[-149.69643554682963,60.183532568696542],[-149.69644043982655,60.183527918696058],[-149.69644813982313,60.183522780695149],[-149.69645421282047,60.183518728694466],[-149.69646647381711,60.183513683692802],[-149.69647811781368,60.183508593691258],[-149.69649132481001,60.183503126689487],[-149.69650420880728,60.18349906968767],[-149.69652056480459,60.183495165685322],[-149.69653902180204,60.183491507682561],[-149.6965549847998,60.183488344680228],[-149.69656919879702,60.183484230678182],[-149.69658536779355,60.183479103675957],[-149.69659203079209,60.183476888674981],[-149.69660587778688,60.183469062673247],[-149.69661827778185,60.183461502671761],[-149.69663157177553,60.183451942670231],[-149.69665298876478,60.183435639667827],[-149.69667333875657,60.183423298665339]]},"properties":{"OBJECTID":30504,"TRLNAME":"Harding Icefield Trail","TRLSTATUS":"Existing","TRLSURFACE":"Native","TRLTYPE":"Standard Terra Trail","TRLCLASS":"Class 3: Developed","TRLUSE":"Hiker/Pedestrian","PUBLICDISPLAY":"Public Map Display","DATAACCESS":"Unrestricted","UNITCODE":"KEFJ","UNITNAME":"Kenai Fjords National Park","EDITDATE":1521650136000,"MAPMETHOD":"GNSS: Mapping Grade","MAPSOURCE":"Trail centerline collected on 8/30/2016 by Emily Baker using a GeoXH6000 w/ external antenna. Logged at 5 sec. interval. Data source HITMAP_20160830_R083010A.COR.","SOURCEDATE":1472515200000,"GEOMETRYID":"{2A41A72B-8010-47D4-9B8F-9D06A2C03D32}","FEATUREID":"{658209D4-F1C1-491E-B523-0BBA895FD069}","MAINTAINER":"National Park Service","NOTES":"This segment selected as best available and most current by Kenai Fjords staff. Some densification of linework occured after loading data into standard to replicate tread nuances as close as possible."}},{"type":"Feature","id":31241,"geometry":{"type":"LineString","coordinates":[[-149.64966219064729,60.184079497159786],[-149.64969059464059,60.184069541155871],[-149.64973146064398,60.184075443148934],[-149.6497488486433,60.184074640146164],[-149.6497595376517,60.184087773143681],[-149.64978412665496,60.18409317713936],[-149.64981532466129,60.184103461133688],[-149.64983004766543,60.184110047130972],[-149.64985122967639,60.184127388126448],[-149.64988198867863,60.184131291121268],[-149.64991100267744,60.18412988511669],[-149.64994893768346,60.184139798110024],[-149.64997521768012,60.184134997106064],[-149.65000598866828,60.184117184102263],[-149.65000889065436,60.184095654103196],[-149.65001170764126,60.184075437104028],[-149.65001772362555,60.184051191104594],[-149.65003334461139,60.184029519103454],[-149.6500457005998,60.184011772102565],[-149.65006191058674,60.183991825101238],[-149.65006776257241,60.183969703101674],[-149.65006869056631,60.183960331102149],[-149.6500739465605,60.183951341101839],[-149.65008706854508,60.183927747101265],[-149.65007352752801,60.183901088105095],[-149.65008075551933,60.183887811104782],[-149.65009194251118,60.18387531310379],[-149.65011937750907,60.183872525099552],[-149.65015315951686,60.183885092093355],[-149.65019117353143,60.183908147085788],[-149.65023051254579,60.183930995078036],[-149.65027528755454,60.183945221069983],[-149.65032380955495,60.18394656806209],[-149.65037559355554,60.183948294053664],[-149.65042859555862,60.183953854044859],[-149.65047787756762,60.183968548036056],[-149.65052189257534,60.18398114902817],[-149.65055230458674,60.183999230022174],[-149.6505788675955,60.184013162017024],[-149.65060754260767,60.184032444011208],[-149.65062183160887,60.1840345120088],[-149.65065046660189,60.184024109004824],[-149.65068109959645,60.184016156000439],[-149.65071201360144,60.184024377994923],[-149.65074196960506,60.184030368989802],[-149.65078658660553,60.184031857982532],[-149.65085047060424,60.184030772972356],[-149.65090360060935,60.184039490963279],[-149.65095719060878,60.18403944095472],[-149.65099391660388,60.184032422949258],[-149.65103341659446,60.184018407943839],[-149.65106944459438,60.184018833938005],[-149.65111851359174,60.184015490930349],[-149.65116581159108,60.184015214922809],[-149.65120683959549,60.184022605915764],[-149.65125012760043,60.184030923908288],[-149.65129540060602,60.184040243900434],[-149.65133177760842,60.184044507894377],[-149.65137505261342,60.184052876886902],[-149.65141694361708,60.18405919887978],[-149.6514551206254,60.184072648872785],[-149.65149448163336,60.184085560865647],[-149.65153759864205,60.184099666857904],[-149.65157471264914,60.184111234851208],[-149.65161015165128,60.18411509084526],[-149.65163318966222,60.184132287840463],[-149.65167258966588,60.184138538833743],[-149.65168348366714,60.184140694831932],[-149.65171499667167,60.184148171826372],[-149.65174398366776,60.184142546822066],[-149.65176000866128,60.184132770820099],[-149.65179956265598,60.184125204814272],[-149.65183406765175,60.184119142809116],[-149.65186845564637,60.184111355804077],[-149.65190055064232,60.184105574799325],[-149.65189725663652,60.184096529800406],[-149.65186859863061,60.184086897805606],[-149.65182644861935,60.184068934813496],[-149.65179572360543,60.184046881819803],[-149.65178182458564,60.184016061823989],[-149.65178001556947,60.183991016825871],[-149.65177589955289,60.183965313828153],[-149.65175537153831,60.18394242983284],[-149.65171569752545,60.183921938840513],[-149.65167692851367,60.183903147847914],[-149.65167831251426,60.183904030847692],[-149.65166366150606,60.183891149850815],[-149.65165430149739,60.183877607853191],[-149.65163820849071,60.183867028856454],[-149.65162004748905,60.183864169859525],[-149.651576953481,60.183851047867243],[-149.65154417746737,60.183829487873865],[-149.65150722445287,60.183806491881249],[-149.65149303143465,60.183778092885298],[-149.6514724954213,60.183757139889906],[-149.65143332940886,60.183737253897483],[-149.65138331240001,60.183722804906374],[-149.65131495039455,60.183713335917957],[-149.65125320138918,60.183704103928427],[-149.65120220438075,60.183690302937507],[-149.65115731837093,60.183674444945666],[-149.65113037035641,60.183651543951456],[-149.65113066034345,60.183631475952659],[-149.65112931932885,60.183608893954307],[-149.65112888431474,60.183587020955777],[-149.651141651302,60.183567507954919],[-149.65116166629579,60.183558176952317],[-149.65117449729379,60.183555323950479],[-149.65118136329033,60.18355007994969],[-149.65118353228723,60.183545288949659],[-149.65117668128434,60.183540734950995],[-149.65116042127008,60.183518352955019],[-149.65119359625365,60.183493496951293],[-149.65121988424298,60.183477369948129],[-149.65124067423375,60.183463387945636],[-149.65124539922942,60.183456754945283],[-149.65124536922775,60.183454205945459],[-149.65125211422554,60.183450849944613],[-149.6512575572257,60.183451184943699],[-149.65126195922724,60.183453696942834],[-149.65126755723031,60.183458501941622],[-149.65127793323637,60.18346799993936],[-149.6512933892451,60.183481746936039],[-149.6513272612502,60.183490151930087],[-149.65137256126914,60.183520112920945],[-149.65142307827728,60.183533457912027],[-149.65147560427823,60.183535769903457],[-149.65154937327327,60.183529205891965],[-149.65161644026847,60.183522811881659],[-149.65167549026151,60.183512950872803],[-149.65173908225967,60.183511064862714],[-149.65180755825492,60.183504762852166],[-149.65187990725281,60.183502548840693],[-149.6519582032449,60.183491485828874],[-149.65202767224088,60.183486299818043],[-149.65209529523634,60.183480253807566],[-149.65216822822671,60.183466461796755],[-149.65224119721518,60.183449742786124],[-149.65229522620251,60.183430994778661],[-149.65234234118694,60.183407566772559],[-149.65238500617045,60.183382723767288],[-149.65242419515786,60.183363826762253],[-149.65246053814198,60.183339767757928],[-149.65251652113247,60.18332590374979],[-149.65258266011463,60.183299358740911],[-149.65265166010752,60.183289358730448],[-149.65270239510076,60.183279690722969],[-149.65276688508996,60.183263972713561],[-149.65281563108167,60.183251850706533],[-149.65285659406808,60.18323147670128],[-149.65288587604891,60.183202227698416],[-149.65290661703227,60.183176796696721],[-149.65291512801969,60.183157422696546],[-149.65292683500783,60.183139269695815],[-149.65292292799722,60.18312280069749],[-149.65293584298459,60.183103448696649],[-149.65295600397195,60.183084187694611],[-149.65297588096513,60.1830739296921],[-149.65298342995101,60.183052189692241],[-149.65300955593622,60.183029696689509],[-149.65303844292089,60.183006406686353],[-149.65303855490922,60.182988322687429],[-149.65303121089752,60.182970128689753],[-149.65305160088207,60.182946561687999],[-149.65308623386616,60.182922472683956],[-149.65309247785086,60.182898814684478],[-149.65312999884233,60.18288624067921],[-149.65317816283212,60.182871126672495],[-149.65320746681846,60.182850463669062],[-149.65323874580653,60.18283253766517],[-149.65326461580017,60.182823014661686],[-149.65328340379685,60.18281815365895],[-149.65330676279956,60.182822661654924],[-149.65334420879677,60.182818950649121],[-149.65335916679223,60.182812177647165],[-149.65338067578236,60.182797224644638],[-149.65340227577124,60.182780349642279],[-149.65340588776826,60.182775805641995],[-149.65341289776012,60.182763284641645],[-149.65344947474901,60.182746639636825],[-149.65348369574124,60.182735113632077],[-149.653533231734,60.182724665624797],[-149.65356289772313,60.182708312621088],[-149.65359002671019,60.182688733617951],[-149.65360340769882,60.182671262616907],[-149.65361926769759,60.182669636614456],[-149.65364037769913,60.182672339610917],[-149.65365401170644,60.18268386060803],[-149.65365145171612,60.182698761607483],[-149.65365295973268,60.182724450605612],[-149.65364451575331,60.182756258604947],[-149.65364937476724,60.182777856602812],[-149.65364350178677,60.18280799260188],[-149.65364834579464,60.182820232600328],[-149.65364998280413,60.182834954599116],[-149.65365641681709,60.182855136596835],[-149.65370212382217,60.182863682588987],[-149.65373748383163,60.182878887582298],[-149.65376110583458,60.182883763578253],[-149.65378859783311,60.182881912573926],[-149.65380919682764,60.182873763571138],[-149.65381471482166,60.182864643570824],[-149.65382034981369,60.182852294570722],[-149.65380147679988,60.182830730575105],[-149.65380458078499,60.182807682576041],[-149.65381144977096,60.182786035576356],[-149.65382974275869,60.182767372574595],[-149.65384230274549,60.182747177573859],[-149.65385521073506,60.182731202572754],[-149.65387353672679,60.182718662570601],[-149.65387708871674,60.182703152571051],[-149.65388739270861,60.18269074057018],[-149.65391774070281,60.182682219565827],[-149.65393773169961,60.182677581562956],[-149.65395766170306,60.182683220559397],[-149.6539904987132,60.182699427553118],[-149.65400824072606,60.182719573548979],[-149.65403481373772,60.182738056543577],[-149.65406557374084,60.182743341538306],[-149.65410667874076,60.182743756531679],[-149.65413209873574,60.182736438528089],[-149.65414253172727,60.182723511527236],[-149.6541346977169,60.182707323529499],[-149.65412927670559,60.182689759531449],[-149.6541409626856,60.182658989531546],[-149.65417119866487,60.182627303528719],[-149.65421025864481,60.182596862524335],[-149.65426703663113,60.182576605516552],[-149.65430776862985,60.182575216510074],[-149.65434934563413,60.182582510502947],[-149.65439240763922,60.182590981495508],[-149.65443597664765,60.182604699487648],[-149.65443659165356,60.182613836486986],[-149.65444038866568,60.182632681485195],[-149.65445938866912,60.182638326481772],[-149.65445303767942,60.18265411148181],[-149.654453388691,60.182672016480616],[-149.6544569557006,60.182686938479101],[-149.65444970071752,60.182713064478619],[-149.65443903172948,60.18273140047917],[-149.65445363274324,60.182752939475449],[-149.65446837975924,60.182777874471562],[-149.65449105877067,60.182795911466748],[-149.654524709778,60.182807786460593],[-149.6545609667894,60.182825971453667],[-149.65459907779618,60.182837035446845],[-149.65463040179839,60.182840942441572],[-149.65468301578878,60.182826846434018],[-149.65471749077955,60.182813076429404],[-149.65476082276857,60.182796774423473],[-149.65480843576236,60.1827878104164],[-149.65482759075473,60.182776333414068],[-149.65480722175025,60.1827690924178],[-149.65478071474638,60.182762705422398],[-149.65476322573969,60.182752158425885],[-149.65476882873378,60.182743033425595],[-149.65478377572754,60.182733605423799],[-149.65479354572369,60.182727787422571],[-149.65479158171669,60.18271696542358],[-149.65479535570722,60.182702315423882],[-149.65480944069586,60.182685004422744],[-149.65484108768334,60.182666088418827],[-149.65486758267417,60.182652303415502],[-149.65489709765902,60.182629260412199],[-149.65494490564737,60.182612001405644],[-149.65498107763756,60.182597295400768],[-149.65503058862373,60.182576687394125],[-149.65505585761426,60.182562421390976],[-149.65511555260113,60.182543007382641],[-149.65516002158907,60.182524996376657],[-149.65520241157799,60.18250846337088],[-149.65522782357729,60.182507798366828],[-149.65524310757633,60.182506579364507],[-149.65525708757025,60.182497320362828],[-149.65526154956555,60.182490150362561],[-149.65524997856136,60.182483469364826],[-149.65524530555689,60.182476477366016],[-149.65525128554955,60.182465272365803],[-149.65526137954674,60.182461036364458],[-149.65527562754596,60.182460030362186],[-149.65530046554645,60.182461221358167],[-149.65531919354271,60.182455651355525],[-149.6553576235346,60.182443721350097],[-149.6553945575217,60.18242432534543],[-149.65542133150578,60.182400097342629],[-149.65543827149443,60.182382808341039],[-149.65548700848495,60.182368820334062],[-149.65551498347423,60.182352726330635],[-149.65554490345917,60.182329843327288],[-149.65557352844502,60.182308374324045],[-149.65559364143203,60.182288548322063],[-149.65562529841904,60.182268922318244],[-149.65566261540766,60.182251914313348],[-149.65570663139803,60.182237692307176],[-149.65572596138927,60.182224325304915],[-149.65575468137234,60.182198640301927],[-149.65577685335435,60.182171155300118],[-149.65578023834658,60.182159107300322],[-149.65580581834186,60.182152210296657],[-149.65581977634395,60.182155688294202],[-149.65582129835963,60.182179966292424],[-149.6558367843742,60.182202723288519],[-149.65585678937916,60.182210753284807],[-149.65588808537672,60.182207424279959],[-149.65593111137218,60.182201035273508],[-149.65594746736841,60.182195452271209],[-149.6559764923679,60.182195106266605],[-149.65600020136384,60.182189161263182],[-149.65600136836173,60.182185916263194],[-149.6560026553594,60.18218233626321],[-149.65600208335727,60.18217904726351],[-149.65599708135588,60.18217684826444],[-149.65598137035352,60.182172878267195],[-149.65594479834928,60.182165746273554],[-149.65592859334612,60.182160683276479],[-149.6559138893393,60.182149865279499],[-149.65591066833636,60.182145298280261],[-149.65591065733153,60.182137847280757],[-149.65591545432184,60.182122929280958],[-149.65592657130816,60.182101906280479],[-149.65593465429313,60.182078758280653],[-149.65594294027076,60.182044297281507],[-149.65597228024779,60.182009195279008],[-149.65601059323581,60.181991198274019],[-149.65605840122777,60.181979517267102],[-149.65611083022068,60.181969312259334],[-149.65614680221833,60.181966227253746],[-149.65618410321437,60.181960646248129],[-149.65622439221147,60.18195682824188],[-149.65625335719938,60.181938481238433],[-149.65627181518937,60.181923322236436],[-149.65629096818577,60.181918057233673],[-149.65629164517216,60.181896970234895],[-149.6562998161663,60.18188797323414],[-149.65634433715871,60.181876918227765],[-149.65634354515183,60.181866274228511],[-149.65634678714611,60.181857476228586],[-149.65636452914566,60.181857030225778],[-149.65637768715013,60.181864113223178],[-149.65639871215566,60.181873031219276],[-149.65641210515929,60.181878911216721],[-149.65642469216948,60.181894772213695],[-149.65643606317499,60.181903498211362],[-149.65643804018057,60.181912193210465],[-149.6564404321889,60.18192514920927],[-149.65643832920395,60.181948407208161],[-149.65644716521646,60.181967857205493],[-149.65646085522329,60.181978622202621],[-149.65646558823283,60.181993510200932],[-149.65647663724417,60.182011199198044],[-149.65651572024544,60.182013763191605],[-149.65655452224595,60.182015143185325],[-149.6565764772447,60.182013549181868],[-149.65658619823401,60.181997159181385],[-149.65659331422412,60.181981935181206],[-149.65658917221043,60.181960696183189],[-149.65658748119679,60.181939549184818],[-149.65657719517915,60.181912118188166],[-149.6565827271601,60.181882676189154],[-149.65660415614482,60.181859440187196],[-149.65661902213444,60.181843535185813],[-149.65664007613105,60.181838614182716],[-149.6566553591214,60.181823897181197],[-149.65667785111114,60.181808381178605],[-149.65670953910433,60.18179834417414],[-149.65673485808881,60.181774659171587],[-149.65675739007713,60.181756983169059],[-149.65678026506185,60.181733630166917],[-149.65683432805594,60.181725292158802],[-149.65686620805153,60.181718955154089],[-149.65690391205317,60.18172205214784],[-149.65692604406053,60.181733762143509],[-149.65695455206631,60.181743137138334],[-149.65699111907398,60.181755587131732],[-149.65701463108613,60.181774776126737],[-149.6570333211026,60.181800521122092],[-149.65703360711592,60.181821151120793],[-149.65704669912472,60.181834959117772],[-149.65705277913372,60.18184899811591],[-149.65706570714235,60.181862570112997],[-149.65708362314135,60.1818612201102],[-149.65709528313778,60.181855948108648],[-149.6571120911324,60.181847874106481],[-149.65716092312852,60.181842583099005],[-149.65718579312329,60.181834848095512],[-149.65720684011035,60.181815177093355],[-149.65722631010212,60.181802729091039],[-149.65724852310453,60.181806826087197],[-149.6572577301061,60.181809314085577],[-149.6572885261084,60.181813388080371],[-149.65731589111101,60.181817837075727],[-149.65733941810717,60.181812227072292],[-149.65733913809913,60.181799833073121],[-149.65735273208767,60.181782313072056],[-149.65738165508515,60.181778791067664],[-149.65739304907495,60.181763218066777],[-149.65743437906661,60.181750950060966],[-149.65747528506085,60.181742635054931],[-149.6575413710581,60.181739408044557],[-149.65760785405837,60.181740796033786],[-149.65766821104759,60.181725041025118],[-149.65771749803022,60.181698935018858],[-149.65773548802201,60.181686498016759],[-149.65776799801611,60.181677848012107],[-149.65778592401696,60.181679406009131],[-149.65779698402545,60.181692738006511],[-149.65779753002801,60.181696706006157],[-149.65779637404239,60.181719004004968],[-149.65779238505857,60.181743925004021],[-149.65780781807644,60.181771820999785],[-149.65785664908478,60.181785451991097],[-149.65791306809044,60.181795054981464],[-149.657948004096,60.181804214975273],[-149.6579581341058,60.181819543972701],[-149.65796063212079,60.181842745970798],[-149.65795706014441,60.181879265969094],[-149.6579313521639,60.181909058971286],[-149.65789442317305,60.181922635976363],[-149.65787049717778,60.181929595979753],[-149.6578355241829,60.181936971984882],[-149.65782194919623,60.18195741498581],[-149.65782828720833,60.181976204983556],[-149.65782766522099,60.18199579698242],[-149.65785668723194,60.182013206976663],[-149.65788194723652,60.182020696972181],[-149.6579072162485,60.182039612966911],[-149.65794673026042,60.182058644959397],[-149.65799535726478,60.18206614195114],[-149.65804180927128,60.182076915942993],[-149.65809049426878,60.182073778935425],[-149.65814840626891,60.182074872926037],[-149.65820419127346,60.182082717916629],[-149.65825082627467,60.182085303908977],[-149.65827192127372,60.18208420190566],[-149.65828683426884,60.182076862903692],[-149.65831569526136,60.182065703899781],[-149.6583795182658,60.182073540889057],[-149.6584523562679,60.182077927877103],[-149.65852268527098,60.182083731865468],[-149.65857163727262,60.182087030857417],[-149.65862430127339,60.182088983848836],[-149.65870033227412,60.182091294836511],[-149.65876852927371,60.18209170882556],[-149.65883548826594,60.182080645815546],[-149.65891501626095,60.182074168803169],[-149.65898034125649,60.182068249793097],[-149.65903483826273,60.18207877478369],[-149.6590918792694,60.182089934773835],[-149.6591636892702,60.182092254762196],[-149.6592442762728,60.182097510748946],[-149.65931638327572,60.182103068737057],[-149.65937525327618,60.182104695727539],[-149.65945283726984,60.182096095715615],[-149.65953508425901,60.182080556703426],[-149.65961925124867,60.182065895690833],[-149.65969999423896,60.182052034678748],[-149.65979211322988,60.182039457664779],[-149.65985793622295,60.18202972865484],[-149.65991646323067,60.182042511644688],[-149.65998287024166,60.182060554632862],[-149.66003492025368,60.182079958623291],[-149.66010531324881,60.182073428612398],[-149.66017722024245,60.182064763601453],[-149.66024231924118,60.182063733591107],[-149.66028898124827,60.182075436582878],[-149.66035175724571,60.182072398573027],[-149.66040576723486,60.182056439565372],[-149.66048633622898,60.182048597552949],[-149.66056860622129,60.182037902540415],[-149.66066422321055,60.182022767526036],[-149.66075240920287,60.182012227512558],[-149.66084993419625,60.182003451497515],[-149.66093020919118,60.181996853485046],[-149.66100717519419,60.18200264647237],[-149.66108876419906,60.182011403458702],[-149.66116003220901,60.182027908446258],[-149.66122387020619,60.18202452843623],[-149.66131230619226,60.182004294423315],[-149.66140232017622,60.181980918410339],[-149.66149248516106,60.181958766397308],[-149.66155915814676,60.181937674387953],[-149.6616330681378,60.181924913376918],[-149.66170483112373,60.181904233366758],[-149.6617595811006,60.181869278360139],[-149.66183254208107,60.181840140350339],[-149.66190740306848,60.181821770339475],[-149.66198366006506,60.181817662327539],[-149.66206089206892,60.181824817314691],[-149.66215551406427,60.181819070299888],[-149.66223955405124,60.181800189287586],[-149.66233830303963,60.181783758272793],[-149.66241705003236,60.181773651260841],[-149.66249397002497,60.181763429249145],[-149.66254044101996,60.181756328242152],[-149.66259944801155,60.181744274233424],[-149.66266421099249,60.181715680224848],[-149.66274313897955,60.181696918213397],[-149.6628315639808,60.181700204198989],[-149.66286288498921,60.181713680193106],[-149.6628924360069,60.181741521186638],[-149.66292400101383,60.181752735180879]]},"properties":{"OBJECTID":31241,"TRLNAME":"Harding Icefield Trail","TRLSTATUS":"Existing","TRLSURFACE":"Native","TRLTYPE":"Standard Terra Trail","TRLCLASS":"Class 3: Developed","TRLUSE":"Hiker/Pedestrian","PUBLICDISPLAY":"Public Map Display","DATAACCESS":"Unrestricted","UNITCODE":"KEFJ","UNITNAME":"Kenai Fjords National Park","EDITDATE":1521650136000,"MAPMETHOD":"GNSS: Mapping Grade","MAPSOURCE":"Trail centerline collected on 8/30/2016 by Emily Baker using a GeoXH6000 w/ external antenna. Logged at 5 sec. interval. Data source HITMAP_20160830_R083010A.COR.","SOURCEDATE":1472515200000,"GEOMETRYID":"{AC90A0E4-C603-4BE3-A208-38B807C682D2}","FEATUREID":"{658209D4-F1C1-491E-B523-0BBA895FD069}","MAINTAINER":"National Park Service","NOTES":"This segment selected as best available and most current by Kenai Fjords staff. Some densification of linework occured after loading data into standard to replicate tread nuances as close as possible."}},{"type":"Feature","id":31691,"geometry":{"type":"LineString","coordinates":[[-149.69667333875657,60.183423298665339],[-149.69668230575283,60.183417579664265],[-149.69670002974658,60.183408202662058],[-149.69671394674168,60.183400839660273],[-149.69674442473095,60.183384713656416],[-149.6967834137233,60.183373502650866],[-149.69681962871621,60.183363089645724],[-149.69683335571352,60.183359142643766],[-149.6968684887043,60.183345372639032],[-149.69690904369361,60.183329478633539],[-149.69692465768236,60.183312385632114],[-149.69693521667006,60.183293525631626],[-149.6969479056657,60.183286935629994],[-149.69698734865298,60.183267837624889],[-149.69704693564861,60.183262004615706],[-149.69712261164489,60.183257472603835],[-149.69715239464344,60.183255688599161],[-149.69720611163567,60.1832444555913],[-149.69726268962418,60.183227641583251],[-149.69728394261762,60.18321777858052],[-149.69731007961209,60.183209580576801],[-149.69732401160522,60.183199184575244],[-149.69736407656569,60.183138656572652],[-149.69740583954473,60.18310684556797],[-149.6974574775235,60.183074770561753],[-149.69749445251222,60.183057914556883],[-149.69757878949892,60.183038682544577],[-149.69765167948813,60.1830231275339],[-149.69767016148245,60.183014640531439],[-149.6977164424631,60.182985413525863],[-149.69778848942536,60.182928114517942],[-149.69785435640185,60.182892774509597],[-149.6979458903763,60.182854666497391],[-149.69808681933384,60.182791199478807],[-149.69810959432635,60.182779968475842],[-149.69814407332009,60.182770860470924],[-149.6981928423142,60.182762457463632],[-149.69824410731101,60.182758346455692],[-149.69831445931104,60.182759436444343],[-149.69836883031007,60.182758817435626],[-149.69849034330417,60.182751582416607]]},"properties":{"OBJECTID":31691,"TRLNAME":"Harding Icefield Trail","TRLSTATUS":"Existing","TRLSURFACE":"Native","TRLTYPE":"Standard Terra Trail","TRLCLASS":"Class 3: Developed","TRLUSE":"Hiker/Pedestrian","PUBLICDISPLAY":"Public Map Display","DATAACCESS":"Unrestricted","UNITCODE":"KEFJ","UNITNAME":"Kenai Fjords National Park","EDITDATE":1521650136000,"MAPMETHOD":"GNSS: Mapping Grade","MAPSOURCE":"Trail centerline collected on 10/3/2016 by Joel Cusick using a Geo7X w/ external antenna. Logged at 5 sec. interval. Data source B100309A.COR.","SOURCEDATE":1475452800000,"GEOMETRYID":"{55D130A3-B23A-414F-9E57-39EE8B519319}","FEATUREID":"{658209D4-F1C1-491E-B523-0BBA895FD069}","MAINTAINER":"National Park Service","NOTES":"1997 section built by second high camp SCA crew. This segment selected as best available and most current by Kenai Fjords staff. Some densification of linework occured after loading data into standard to replicate tread nuances as close as possible."}}]}